Age,Attrition,Department,MonthlyIncome,YearsSinceLastPromotion,DistanceFromHome,JobSatisfaction,WorkLifeBalance,OverTime,SalaryBand
56,0,2,2630,5,25,4,3,1,Low
46,0,2,18958,2,11,3,3,1,Executive
32,0,0,14383,1,8,4,2,1,High
25,0,2,17152,5,8,3,3,1,Executive
38,0,2,12084,12,1,2,2,1,High
56,0,0,2695,0,21,2,4,0,Low
36,1,0,15821,6,7,4,1,1,Executive
40,0,2,4262,6,6,2,1,0,Low
28,0,0,2445,9,21,1,4,1,Low
28,0,1,17436,12,8,2,2,0,Executive
41,0,1,10949,6,19,1,2,1,High
53,1,0,19050,14,22,2,2,1,Executive
57,0,0,7901,11,21,4,2,0,Medium
41,0,2,1719,10,24,4,4,1,Low
20,0,0,9597,9,20,1,1,0,Medium
39,0,2,7855,0,8,4,3,1,Medium
19,0,1,19678,14,26,2,3,1,Executive
41,0,0,9263,3,14,2,1,0,Medium
47,1,2,15520,12,18,4,4,1,Executive
55,0,2,12874,6,25,2,3,0,High
19,0,1,15079,10,29,3,1,1,Executive
38,0,0,18082,8,16,3,4,1,Executive
50,1,1,8243,4,9,2,3,1,Medium
29,0,2,10018,12,15,4,2,1,High
39,0,2,17732,1,26,1,2,1,Executive
42,0,0,13100,6,10,4,4,1,High
44,0,2,17691,9,29,1,2,1,Executive
59,1,0,5820,0,22,4,4,0,Medium
45,0,1,12001,6,16,2,1,1,High
33,0,0,14907,5,4,3,1,1,High
32,1,0,12669,6,20,4,3,1,High
20,0,2,16916,13,13,1,4,0,Executive
54,1,2,11878,12,22,3,3,0,High
24,0,0,3985,9,5,1,3,1,Low
38,1,2,9112,2,22,2,1,1,Medium
26,0,2,9467,14,7,3,3,1,Medium
56,1,2,19931,2,23,1,2,0,Executive
35,0,0,1336,6,9,4,3,1,Low
21,0,2,11165,12,8,2,4,0,High
42,0,0,13768,1,29,2,2,1,High
31,0,2,4968,0,16,2,1,0,Low
26,0,1,1910,8,6,4,4,0,Low
43,0,2,19380,8,28,4,2,1,Executive
19,0,2,16632,6,16,3,4,1,Executive
37,0,0,17279,6,6,4,2,1,Executive
45,0,0,4129,2,14,3,4,1,Low
24,0,2,6447,9,21,2,4,1,Medium
25,0,1,7129,14,1,3,2,1,Medium
52,0,2,6850,1,25,1,1,1,Medium
31,0,2,8446,10,9,2,1,0,Medium
34,1,1,12949,6,25,2,4,1,High
53,1,0,9519,8,27,3,4,1,Medium
57,0,2,1314,0,24,2,1,0,Low
21,0,0,12737,12,13,4,1,1,High
19,0,0,2134,13,26,1,3,1,Low
23,0,1,11938,3,29,3,1,1,High
59,0,1,16588,5,19,3,4,1,Executive
21,0,0,9347,6,17,2,2,0,Medium
46,0,2,6592,9,11,4,1,0,Medium
35,1,0,19108,6,28,2,3,1,Executive
43,0,2,18270,9,28,2,3,1,Executive
51,0,2,11997,1,8,3,3,0,High
27,0,1,1721,13,23,2,2,1,Low
53,0,2,10104,3,29,1,1,0,High
31,1,2,1870,4,5,2,1,0,Low
48,1,0,7751,13,10,2,1,0,Medium
32,0,1,17881,11,7,3,2,1,Executive
25,0,2,2756,0,10,2,2,1,Low
31,1,2,2117,0,4,4,4,1,Low
40,0,1,12601,9,9,3,3,0,High
57,0,0,3828,2,27,2,3,1,Low
38,0,1,15996,14,26,1,1,1,Executive
33,0,1,19031,14,14,1,2,0,Executive
35,0,2,14878,9,2,3,2,1,High
41,0,2,7992,2,25,3,1,1,Medium
43,0,0,14778,11,9,2,1,1,High
42,1,2,7771,7,21,4,4,0,Medium
58,0,2,17526,8,27,2,3,1,Executive
46,0,1,4435,14,1,1,3,0,Low
32,1,2,7622,13,23,4,3,0,Medium
18,0,0,13852,10,10,4,4,0,High
42,0,1,15806,11,10,4,1,1,Executive
24,0,0,11623,0,20,2,1,1,High
26,0,1,2848,13,25,1,3,1,Low
41,0,2,3696,10,22,3,3,0,Low
18,0,1,2717,1,29,2,4,0,Low
25,0,1,10259,9,3,3,2,1,High
41,0,2,3786,1,6,4,2,0,Low
28,0,2,15154,14,29,4,3,1,Executive
34,0,0,14409,3,26,2,4,1,High
25,0,0,4791,1,6,1,3,1,Low
52,0,2,4871,6,21,4,2,1,Low
52,0,2,2806,12,2,3,3,1,Low
50,0,2,18888,14,26,3,2,1,Executive
22,0,1,14304,8,26,2,2,1,High
59,0,1,19074,6,18,3,2,0,Executive
56,1,1,16549,11,23,1,1,1,Executive
58,0,2,4303,5,2,4,1,0,Low
45,1,0,17061,14,12,3,3,0,Executive
24,1,2,16198,9,22,3,2,1,Executive
26,0,1,18888,0,5,4,1,0,Executive
25,0,1,11655,10,20,2,3,0,High
29,1,2,9924,9,7,3,3,0,Medium
51,0,2,10940,8,24,2,3,1,High
50,0,1,4924,4,16,2,3,1,Low
40,0,1,10783,10,20,3,3,1,High
41,0,1,5485,4,1,1,4,1,Medium
54,0,2,13629,5,1,2,2,1,High
52,0,1,14233,8,17,3,3,0,High
57,1,1,13901,12,27,2,4,0,High
39,0,0,1191,7,1,4,2,1,Low
44,0,2,5917,7,21,1,1,0,Medium
52,0,0,6831,13,20,1,3,0,Medium
18,0,0,11160,7,13,4,4,0,High
52,0,1,14682,0,9,4,1,0,High
54,0,2,13391,0,15,2,4,1,High
31,0,1,2874,7,3,4,2,1,Low
20,0,2,10062,4,14,1,2,1,High
18,0,0,5763,8,23,4,1,0,Medium
22,0,2,11234,1,11,3,4,0,High
43,0,1,10221,8,24,3,3,1,High
31,1,1,12410,11,22,2,3,1,High
56,0,1,15519,13,12,1,1,0,Executive
44,0,2,2051,7,13,3,1,1,Low
26,0,0,13225,8,26,4,1,1,High
32,0,0,10765,3,13,3,4,0,High
32,0,2,12382,0,1,3,3,0,High
43,0,1,13580,0,24,2,3,1,High
59,0,0,12989,4,10,4,3,0,High
30,0,1,12939,1,3,4,1,1,High
49,0,2,19489,13,24,4,3,0,Executive
56,0,1,1307,7,28,2,2,0,Low
49,0,0,4359,9,4,4,1,1,Low
21,1,0,4176,10,16,4,3,0,Low
47,1,1,2251,4,8,3,4,1,Low
54,0,2,6366,4,16,3,1,0,Medium
40,1,1,18901,1,27,4,2,1,Executive
56,0,2,7226,6,17,1,2,0,Medium
32,0,1,15330,12,19,1,4,0,Executive
46,0,0,5891,7,22,4,4,1,Medium
53,0,2,5992,9,15,1,1,0,Medium
30,0,2,2961,12,16,2,1,1,Low
49,1,2,13497,0,15,3,2,0,High
24,0,0,11848,1,25,2,4,0,High
39,0,1,14255,9,2,3,1,1,High
45,1,0,5567,3,11,1,2,0,Medium
19,0,2,17079,4,1,1,4,0,Executive
59,0,1,7513,12,15,4,2,1,Medium
23,0,0,16235,1,26,1,3,0,Executive
45,0,2,12755,0,19,1,4,1,High
45,0,2,12151,8,4,4,1,1,High
37,0,0,17567,13,11,4,1,1,Executive
47,0,0,4358,0,5,3,3,0,Low
28,1,0,10590,12,3,1,4,0,High
45,0,2,11988,14,13,3,2,1,High
42,0,0,8678,3,10,3,1,0,Medium
56,1,2,6698,1,11,2,3,1,Medium
50,0,0,2273,10,18,1,3,0,Low
18,0,2,12241,3,2,1,4,1,High
44,0,2,18480,7,7,2,4,1,Executive
30,0,1,10497,7,9,3,1,0,High
58,0,0,10107,14,10,1,3,1,High
20,0,0,12273,10,18,3,2,1,High
56,0,2,9002,11,23,2,3,0,Medium
23,0,2,5247,8,7,4,2,1,Medium
25,0,2,10220,12,27,3,2,1,High
44,0,1,11703,14,7,1,1,0,High
26,0,1,16472,10,3,4,3,1,Executive
54,0,2,17654,14,12,3,2,1,Executive
50,0,0,18570,11,7,3,4,1,Executive
59,0,0,13392,4,17,4,2,1,High
41,0,1,12956,6,26,4,4,1,High
32,0,1,16641,2,1,4,4,1,Executive
49,1,2,14998,9,5,1,3,1,High
49,0,0,7305,3,16,1,4,1,Medium
41,0,2,19782,9,15,3,2,0,Executive
58,0,1,13721,8,2,3,4,1,High
29,0,0,7995,9,9,2,3,1,Medium
56,0,0,13427,9,7,1,1,0,High
19,0,1,14782,13,4,3,2,1,High
20,0,2,3230,11,20,4,2,1,Low
54,0,2,7511,0,18,4,3,1,Medium
34,0,0,17512,1,21,1,3,1,Executive
19,0,1,10461,4,4,4,3,1,High
19,0,0,5765,2,28,2,3,1,Medium
45,0,1,14272,1,13,3,2,0,High
40,1,2,6552,0,1,3,1,0,Medium
54,0,1,1627,9,28,3,4,0,Low
49,1,2,12989,2,24,1,4,0,High
50,0,1,14780,0,3,4,1,0,High
18,0,0,7589,11,16,2,1,1,Medium
36,0,2,3044,0,22,1,1,1,Low
19,0,0,14171,11,4,3,3,1,High
43,1,0,19725,0,25,2,2,1,Executive
49,0,2,6884,7,23,3,2,1,Medium
23,0,2,9185,14,25,3,2,0,Medium
49,0,0,1249,2,16,1,3,0,Low
21,0,0,18358,10,26,3,2,1,Executive
28,0,0,10175,0,19,2,3,1,High
34,0,0,17260,6,1,3,2,1,Executive
55,0,2,3672,9,5,4,1,0,Low
41,0,2,8279,2,19,3,4,0,Medium
22,0,0,9662,7,22,1,4,1,Medium
51,0,1,2987,3,24,2,3,0,Low
23,0,1,17474,3,11,1,2,1,Executive
39,0,2,13948,4,13,4,4,0,High
28,0,0,14026,5,20,3,1,0,High
33,0,0,3773,6,5,1,1,1,Low
50,0,2,14159,13,21,1,1,0,High
26,0,1,10878,13,4,1,3,0,High
23,1,1,11178,3,4,1,3,1,High
33,0,1,11377,7,4,4,2,0,High
46,0,2,8347,12,4,4,1,1,Medium
20,0,1,2008,5,20,3,2,0,Low
37,0,2,4783,13,21,3,2,1,Low
53,0,2,5298,0,18,2,1,1,Medium
36,0,0,5668,0,18,4,2,0,Medium
43,0,1,3052,8,16,1,4,0,Low
20,0,2,2716,9,9,1,3,1,Low
36,0,1,1310,5,18,2,2,0,Low
37,0,1,15391,9,22,1,1,0,Executive
49,0,0,2260,7,2,2,3,0,Low
24,0,1,14157,12,21,3,3,1,High
58,0,0,12460,6,4,4,2,1,High
50,0,2,17968,11,12,2,4,1,Executive
57,0,1,15011,5,7,1,2,0,Executive
56,0,2,3866,3,15,2,4,0,Low
35,0,1,15365,6,7,3,3,1,Executive
57,0,2,6898,8,29,1,2,1,Medium
18,0,1,19395,13,22,3,1,0,Executive
28,1,1,7251,10,26,3,2,0,Medium
45,0,1,5939,9,21,2,4,0,Medium
42,1,1,5006,9,17,3,4,0,Medium
40,0,1,2625,13,16,1,2,1,Low
48,0,1,11956,6,28,3,4,0,High
47,0,1,18274,0,19,3,3,0,Executive
59,0,1,7078,9,9,2,2,1,Medium
52,1,1,9923,8,14,3,4,1,Medium
24,0,2,4961,12,17,4,2,0,Low
33,0,0,19888,3,5,2,2,1,Executive
43,0,1,9806,14,2,2,1,0,Medium
19,0,0,19103,2,20,1,2,0,Executive
18,1,1,14558,3,16,1,1,1,High
29,0,1,7686,3,14,1,4,1,Medium
22,0,2,2587,12,14,1,1,0,Low
54,0,2,10803,9,27,4,1,1,High
49,0,0,18280,10,1,2,1,0,Executive
26,0,2,11350,1,3,3,3,0,High
58,0,2,19816,13,26,1,1,0,Executive
52,0,0,12454,11,7,1,2,1,High
36,0,2,16849,13,26,1,1,0,Executive
33,0,1,7837,0,15,3,2,0,Medium
20,0,0,2449,11,19,1,1,0,Low
37,1,0,6454,9,20,3,3,1,Medium
41,0,1,10424,11,2,2,4,0,High
50,0,2,5117,0,19,2,1,0,Medium
41,0,0,9869,12,9,2,1,0,Medium
28,0,0,11850,13,19,4,3,1,High
25,0,1,19412,7,27,3,1,0,Executive
53,0,1,15343,13,5,1,2,0,Executive
55,0,2,7845,1,18,1,1,1,Medium
57,0,0,5624,11,16,1,1,1,Medium
37,0,2,9848,9,4,1,4,0,Medium
52,0,2,17549,4,12,4,4,0,Executive
42,0,1,14136,11,29,1,1,0,High
52,0,0,1589,3,7,4,3,1,Low
42,0,0,7509,7,14,3,4,1,Medium
46,0,0,8693,1,23,2,1,0,Medium
35,0,1,10454,9,12,1,4,1,High
35,1,1,17455,8,3,2,1,0,Executive
19,0,1,12708,6,5,3,4,0,High
52,1,1,13942,14,17,3,4,1,High
33,0,1,17652,12,26,1,2,0,Executive
58,1,0,10968,6,10,3,1,1,High
53,0,2,3462,0,10,2,1,1,Low
50,0,0,10460,13,11,1,1,0,High
21,0,2,2015,11,17,4,1,1,Low
50,1,1,10275,1,5,1,4,0,High
31,1,2,14269,3,13,2,2,1,High
38,0,0,1406,3,10,1,2,0,Low
37,0,0,8384,10,9,1,3,0,Medium
25,0,2,12268,13,17,2,1,0,High
24,0,1,18369,2,1,1,3,1,Executive
20,0,1,12795,6,4,1,4,0,High
34,1,0,5485,11,4,2,3,1,Medium
50,0,2,9901,7,18,3,1,1,Medium
29,0,1,3618,1,9,2,2,1,Low
39,0,1,10603,3,25,1,2,1,High
39,0,0,7928,13,29,4,1,1,Medium
47,0,1,6368,2,29,4,4,0,Medium
55,0,2,5621,1,18,2,1,1,Medium
55,0,0,15719,11,14,4,4,0,Executive
25,1,0,12126,12,25,1,2,0,High
44,1,2,8566,13,15,1,4,1,Medium
44,1,0,13306,5,6,2,1,0,High
51,0,1,16086,12,24,1,1,0,Executive
38,0,1,18387,3,10,3,1,1,Executive
47,0,2,19850,5,29,1,4,0,Executive
50,0,1,19323,1,15,2,4,1,Executive
45,0,2,19019,11,29,3,4,1,Executive
50,1,2,10890,3,4,3,2,1,High
22,0,1,9095,10,18,4,3,0,Medium
36,0,2,13719,5,18,1,3,0,High
21,0,1,11283,13,25,2,1,0,High
52,0,0,19279,4,17,4,2,0,Executive
34,0,0,15231,2,12,4,4,1,Executive
45,0,2,15698,7,7,1,1,1,Executive
47,1,1,18457,6,16,1,2,0,Executive
46,0,1,6184,2,11,2,1,1,Medium
23,0,0,3402,5,14,4,2,0,Low
52,0,0,5895,3,3,2,2,1,Medium
58,0,1,12404,10,19,4,3,1,High
54,1,2,16161,4,18,4,1,1,Executive
41,0,0,10343,10,10,4,4,1,High
46,0,2,11637,4,6,1,3,1,High
48,0,2,2956,6,13,4,3,0,Low
52,0,0,8023,10,10,4,4,0,Medium
50,0,2,15062,4,18,4,2,1,Executive
38,0,2,15333,10,26,3,4,0,Executive
49,0,1,4907,14,20,1,1,1,Low
40,0,2,1807,2,26,3,4,1,Low
50,1,1,15031,9,16,1,2,1,Executive
20,0,0,5827,4,25,2,4,1,Medium
35,0,0,14699,6,25,3,2,0,High
42,0,1,5524,4,6,2,2,1,Medium
59,0,0,16193,4,13,4,1,0,Executive
48,0,2,17223,8,4,2,4,1,Executive
20,1,2,19668,14,23,2,4,1,Executive
57,0,2,6313,2,14,2,1,0,Medium
41,1,0,14598,12,1,2,2,1,High
49,0,2,14058,5,28,1,4,1,High
39,0,0,18141,0,20,3,1,0,Executive
40,0,2,5887,9,5,1,2,0,Medium
19,0,1,4854,4,8,1,1,0,Low
44,0,0,13458,7,12,1,4,1,High
59,0,0,15536,4,2,2,1,1,Executive
19,0,2,4558,8,12,1,3,0,Low
43,0,0,10772,10,5,3,2,0,High
34,0,0,18345,5,22,1,3,1,Executive
57,0,1,4575,7,5,4,3,1,Low
50,0,1,3418,9,13,2,2,0,Low
26,0,2,5198,7,9,4,2,0,Medium
56,0,1,2001,12,10,3,1,0,Low
46,0,2,8119,2,1,3,2,0,Medium
59,0,2,10673,6,3,3,3,1,High
43,0,2,6316,13,18,3,3,1,Medium
52,0,0,17244,6,12,1,4,1,Executive
42,0,1,17806,13,29,2,2,1,Executive
41,0,2,12873,9,3,3,3,0,High
30,0,1,5266,11,26,4,4,1,Medium
24,1,2,8549,5,25,3,4,0,Medium
53,0,1,11589,11,29,2,1,1,High
37,0,1,2657,6,9,4,3,1,Low
18,0,2,19925,13,26,4,1,1,Executive
25,0,0,7763,1,2,4,3,0,Medium
33,0,1,4164,8,3,1,1,1,Low
31,0,0,19437,9,14,3,1,0,Executive
29,0,0,9479,9,4,1,2,0,Medium
40,0,2,6737,0,25,4,1,1,Medium
32,0,2,18831,0,19,1,2,0,Executive
45,0,2,7009,2,13,1,4,1,Medium
51,1,1,17991,13,7,1,3,0,Executive
19,1,2,5552,14,12,3,4,1,Medium
49,0,2,19148,2,3,4,3,0,Executive
40,0,1,10417,0,23,4,4,0,High
39,0,1,10221,11,23,3,3,1,High
42,0,2,3671,6,9,1,1,1,Low
39,0,2,7519,3,2,1,3,1,Medium
39,0,2,4962,9,29,2,3,1,Low
59,0,2,13734,12,22,2,4,0,High
23,0,0,14122,1,9,2,4,0,High
32,0,0,4722,9,12,3,4,0,Low
54,0,2,5906,4,12,4,2,0,Medium
50,0,0,8263,5,15,2,2,1,Medium
25,1,1,14699,8,2,4,3,0,High
22,0,0,12088,3,18,4,3,1,High
56,0,0,1808,1,13,4,1,0,Low
21,0,2,10170,4,14,3,1,1,High
23,0,0,17260,2,5,3,3,1,Executive
49,0,0,18109,1,26,3,2,1,Executive
47,0,0,11693,11,10,3,3,1,High
52,0,0,8701,0,12,2,1,1,Medium
57,0,1,18600,9,10,1,2,0,Executive
33,0,2,19581,1,24,1,2,1,Executive
30,0,2,15191,5,11,1,1,0,Executive
59,0,1,18356,7,25,2,3,0,Executive
47,0,0,14704,12,2,1,4,1,High
36,0,1,3123,2,5,2,3,0,Low
34,1,0,12533,10,7,2,3,0,High
36,0,1,17608,14,6,2,1,0,Executive
45,0,2,15448,8,22,1,2,1,Executive
43,0,2,15586,14,23,4,1,1,Executive
54,0,2,2814,11,3,1,3,1,Low
43,0,0,14001,8,13,1,4,1,High
40,1,0,18490,1,3,3,4,0,Executive
26,0,1,17508,7,26,2,4,0,Executive
29,0,1,14380,9,25,4,1,0,High
18,0,2,16406,10,24,3,2,0,Executive
18,0,0,3931,11,21,4,1,0,Low
51,0,1,14567,4,6,4,4,0,High
49,0,0,15038,3,11,2,3,1,Executive
42,0,0,13317,9,28,1,2,0,High
57,0,2,3971,4,26,2,1,0,Low
18,1,2,3017,3,17,2,1,0,Low
33,0,0,3415,7,10,3,2,1,Low
56,0,0,2609,3,12,2,2,0,Low
22,0,0,1717,12,17,1,3,0,Low
39,1,0,13662,9,4,4,2,1,High
46,1,2,7782,11,2,2,3,0,Medium
20,0,1,2048,12,11,4,4,1,Low
29,0,2,12618,13,7,2,4,1,High
43,0,1,9307,5,2,4,1,0,Medium
33,0,0,8905,1,26,2,4,0,Medium
54,0,1,10993,4,18,3,4,1,High
39,0,2,11338,5,21,4,3,0,High
46,0,2,6578,4,4,2,1,0,Medium
31,0,0,14834,11,8,2,2,1,High
45,0,2,19004,1,20,3,1,1,Executive
22,0,0,7548,13,14,3,4,0,Medium
47,0,2,8381,6,12,3,2,1,Medium
22,0,2,3941,3,22,4,1,0,Low
29,0,0,6695,7,21,4,1,0,Medium
33,0,1,7401,6,27,3,1,0,Medium
43,0,2,16179,6,18,1,1,0,Executive
43,0,1,15456,8,11,1,3,1,Executive
38,0,2,14097,0,29,2,1,0,High
56,1,2,7197,9,28,1,4,1,Medium
53,0,2,6450,5,8,2,4,0,Medium
50,1,2,18937,5,2,4,3,0,Executive
47,0,1,18396,5,25,4,2,1,Executive
54,0,1,9378,12,15,1,2,0,Medium
40,0,2,2881,11,9,4,4,1,Low
27,0,2,7799,5,19,3,4,1,Medium
22,0,1,15597,11,20,3,3,0,Executive
53,0,0,14675,9,8,1,2,0,High
51,0,0,5586,6,25,1,2,0,Medium
48,0,1,9430,13,19,2,1,0,Medium
27,0,2,3345,9,5,4,1,1,Low
36,0,2,17459,5,11,2,1,0,Executive
49,0,0,10548,0,15,2,3,0,High
18,1,0,6877,2,8,3,4,0,Medium
22,1,1,7785,1,19,3,3,0,Medium
21,0,0,16833,5,23,3,2,0,Executive
33,0,1,5922,7,27,3,4,1,Medium
41,0,0,19714,2,8,2,1,0,Executive
33,0,0,5686,9,26,3,3,1,Medium
19,0,0,15407,7,27,4,3,0,Executive
45,0,2,19286,7,19,3,1,0,Executive
49,1,2,13205,4,18,3,3,0,High
44,0,2,14179,7,10,3,1,1,High
37,0,0,19443,5,29,1,2,0,Executive
41,0,1,17524,4,7,4,4,1,Executive
29,0,1,19173,8,28,4,2,1,Executive
52,0,1,1016,13,9,2,2,0,Low
50,0,1,14374,6,1,2,1,1,High
50,0,2,17848,7,19,3,3,0,Executive
54,0,2,19211,0,5,1,2,0,Executive
29,0,0,6956,10,19,2,2,1,Medium
20,0,0,17473,1,1,2,2,0,Executive
18,0,1,5815,7,15,3,3,0,Medium
50,0,2,3843,11,16,3,3,1,Low
57,0,1,16972,8,23,2,1,1,Executive
27,0,0,18353,3,7,2,2,1,Executive
46,0,0,2094,11,26,4,4,1,Low
30,0,1,7124,9,12,1,3,1,Medium
29,1,0,2404,10,8,4,1,1,Low
48,0,1,4982,9,5,2,2,0,Low
19,0,2,13515,13,10,4,4,1,High
52,0,1,16790,8,28,4,3,1,Executive
40,0,2,13205,3,21,2,4,0,High
34,0,2,13748,9,5,3,3,0,High
43,0,0,4092,9,17,2,1,1,Low
25,0,0,14971,9,26,3,4,1,High
46,1,0,15616,8,5,2,2,0,Executive
43,0,1,5933,10,22,2,2,1,Medium
27,0,1,5926,6,15,2,3,1,Medium
43,0,0,4969,1,13,1,2,0,Low
51,0,1,3965,8,28,3,4,1,Low
58,0,0,5319,3,1,1,1,0,Medium
24,0,1,9975,7,11,2,3,1,Medium
21,1,2,8108,13,23,4,4,0,Medium
28,0,2,10141,6,1,1,3,0,High
46,0,0,17428,12,11,3,1,0,Executive
53,0,1,2810,14,18,2,3,1,Low
42,0,1,11273,6,18,1,2,0,High
38,0,2,10021,7,21,4,2,1,High
53,0,2,19293,0,26,1,3,0,Executive
27,0,0,7364,4,16,3,1,0,Medium
54,1,2,3581,1,13,1,1,0,Low
26,0,0,1691,1,7,4,2,1,Low
41,0,2,1931,14,1,4,1,1,Low
52,0,2,14128,0,26,3,3,0,High
52,0,1,15226,4,16,4,4,1,Executive
53,1,2,14861,1,1,2,3,1,High
35,0,2,16475,3,17,4,2,1,Executive
56,1,0,4406,2,6,2,2,0,Low
49,0,2,9339,2,2,1,2,1,Medium
41,0,0,18416,1,17,2,1,0,Executive
40,0,2,18695,12,6,2,3,0,Executive
49,0,2,9579,5,14,1,4,0,Medium
54,1,0,4121,1,18,4,3,1,Low
29,0,1,19257,13,6,2,4,0,Executive
30,0,0,16946,13,10,4,3,1,Executive
40,0,0,4748,7,24,1,2,1,Low
42,0,0,1277,7,18,3,4,0,Low
52,0,1,19243,12,27,4,3,0,Executive
58,1,2,12563,13,9,4,1,0,High
47,1,0,7792,11,8,3,1,1,Medium
34,1,0,14918,4,28,3,3,1,High
37,0,1,11374,9,10,1,2,0,High
42,0,0,5675,6,17,4,4,0,Medium
39,0,2,2170,3,23,4,3,1,Low
30,0,1,9681,0,29,1,1,1,Medium
36,0,2,11717,10,26,4,4,0,High
53,0,2,13450,1,6,2,1,1,High
29,0,1,11680,9,14,2,1,1,High
58,0,0,11068,9,22,2,3,1,High
36,0,2,3462,3,22,4,1,1,Low
29,0,2,14650,0,6,2,4,1,High
26,0,2,1287,14,26,2,2,1,Low
24,0,2,19291,12,7,1,3,0,Executive
45,0,1,2161,7,12,1,4,1,Low
31,0,1,17513,8,3,3,3,0,Executive
48,0,2,3363,3,14,3,1,0,Low
36,0,0,6983,9,22,3,1,1,Medium
33,0,2,17527,2,19,3,4,0,Executive
22,0,0,9207,1,23,1,4,0,Medium
52,0,2,15758,4,16,1,2,0,Executive
29,0,0,1244,13,7,1,4,1,Low
42,0,2,18310,2,8,2,4,0,Executive
38,0,0,4178,9,18,2,3,1,Low
53,1,2,3176,6,25,3,1,0,Low
40,0,2,6002,10,13,2,4,0,Medium
33,0,0,1886,5,21,4,2,0,Low
56,0,1,14721,0,9,1,4,0,High
59,1,0,13142,11,10,3,1,1,High
56,1,1,3654,7,21,3,4,0,Low
31,0,2,12984,1,23,4,3,0,High
48,0,0,18755,4,27,2,1,1,Executive
22,0,0,8135,8,9,3,4,1,Medium
52,0,0,1320,7,15,2,3,1,Low
40,0,1,5654,1,20,2,1,0,Medium
46,0,1,17131,8,2,4,4,1,Executive
28,0,2,11770,4,25,3,3,1,High
35,0,1,7553,9,13,2,2,1,Medium
29,1,1,12559,13,2,2,3,1,High
26,0,2,10009,5,19,4,2,1,High
27,0,0,14482,12,26,4,4,1,High
34,0,0,8498,2,2,2,3,0,Medium
55,0,2,7636,12,3,4,2,1,Medium
24,0,0,8362,2,6,2,1,0,Medium
30,0,1,17395,9,3,3,3,1,Executive
57,1,2,17578,7,10,1,4,1,Executive
59,0,2,3537,10,24,4,1,1,Low
26,0,2,16216,9,27,1,2,0,Executive
44,0,0,19613,9,6,2,3,1,Executive
19,1,2,4009,14,23,2,3,1,Low
22,0,2,15209,11,16,2,4,1,Executive
46,1,2,16675,1,17,1,1,1,Executive
54,0,0,16029,10,19,2,3,0,Executive
55,0,1,3077,11,3,4,3,0,Low
36,0,2,14907,11,18,3,1,0,High
25,0,1,4867,1,7,3,3,0,Low
18,0,0,17152,12,9,4,1,0,Executive
39,1,0,5873,4,20,3,1,1,Medium
34,1,0,9635,5,12,1,1,1,Medium
24,0,0,1297,11,5,2,4,1,Low
42,0,1,14095,1,3,2,1,0,High
21,0,2,10036,14,11,2,1,1,High
53,0,0,2015,4,25,1,2,0,Low
23,0,0,2384,6,4,1,2,1,Low
48,0,1,9745,9,5,1,4,0,Medium
36,0,1,19734,9,1,4,1,1,Executive
56,0,0,18653,7,27,1,2,1,Executive
44,0,2,2260,11,28,3,2,1,Low
27,0,2,8701,6,29,4,3,1,Medium
43,0,0,11401,7,18,4,1,0,High
36,0,1,16519,13,12,4,2,1,Executive
56,1,0,12864,11,13,1,4,1,High
20,0,0,16681,8,9,4,3,1,Executive
30,0,1,6543,14,2,1,3,0,Medium
45,0,0,19265,4,5,1,1,1,Executive
37,0,0,13488,12,13,4,1,1,High
45,0,0,11079,4,16,2,3,1,High
25,0,1,11744,10,16,2,4,1,High
58,0,2,4809,9,24,4,1,1,Low
56,0,2,8206,3,3,2,1,0,Medium
18,0,1,14746,12,22,3,3,0,High
20,0,2,16995,8,4,3,3,0,Executive
30,0,0,17035,4,11,1,1,1,Executive
45,0,2,12671,13,23,2,2,0,High
42,0,0,14210,1,26,3,1,1,High
50,0,2,18793,14,14,4,2,1,Executive
55,0,1,6197,9,29,2,3,1,Medium
23,0,2,16553,7,3,3,2,1,Executive
49,0,2,8452,14,16,3,4,0,Medium
38,0,2,9718,6,22,4,3,0,Medium
33,0,1,15859,7,15,1,1,0,Executive
38,0,2,3172,11,28,4,1,1,Low
28,0,1,14158,2,10,1,3,0,High
54,0,0,17663,14,9,3,3,0,Executive
53,0,2,12085,14,11,1,4,1,High
52,1,1,4981,3,16,3,3,0,Low
36,0,1,6247,4,10,3,1,1,Medium
37,0,2,11553,5,17,2,4,0,High
35,0,0,7135,0,19,1,1,0,Medium
58,0,1,6573,3,2,1,2,0,Medium
31,0,2,14731,10,24,1,3,1,High
32,0,0,8189,11,23,4,2,0,Medium
48,0,1,15541,9,2,2,1,0,Executive
18,0,1,11878,12,6,2,2,0,High
20,0,0,12087,4,19,2,2,0,High
33,0,0,14667,6,8,4,1,1,High
40,1,2,3776,12,26,1,1,1,Low
28,1,2,10311,4,29,1,3,0,High
29,0,1,8697,12,3,1,2,0,Medium
27,0,0,15629,12,26,2,4,0,Executive
49,0,0,9386,0,14,2,4,1,Medium
33,0,0,18046,10,25,3,1,0,Executive
25,0,1,9044,6,16,4,1,0,Medium
55,1,0,10615,7,1,4,2,1,High
29,1,0,16034,12,21,2,1,1,Executive
41,0,1,6060,6,3,3,4,1,Medium
45,0,2,11900,10,22,1,3,0,High
25,0,2,6581,13,26,2,3,1,Medium
45,0,1,3014,12,18,4,2,1,Low
53,0,0,13997,14,9,4,3,0,High
43,0,1,11635,3,6,4,1,1,High
25,0,2,14648,7,23,1,1,0,High
45,0,2,8148,14,21,4,1,0,Medium
45,1,1,19748,4,25,1,1,1,Executive
54,1,1,15022,9,1,1,2,0,Executive
58,0,2,6919,8,21,1,3,1,Medium
53,0,1,16886,11,27,2,4,1,Executive
44,0,2,7638,11,10,1,3,1,Medium
34,1,1,5651,9,27,3,1,0,Medium
26,0,1,1609,4,6,4,4,1,Low
50,0,1,8940,0,23,2,2,0,Medium
37,0,2,11348,11,12,4,1,0,High
30,0,1,4866,8,4,1,1,0,Low
45,0,2,17755,11,28,2,4,1,Executive
46,0,2,17999,4,13,3,2,0,Executive
30,0,1,3253,5,17,1,4,0,Low
52,0,1,5942,3,27,4,2,1,Medium
23,0,2,13330,5,8,3,1,1,High
35,0,2,1864,11,26,1,3,0,Low
22,0,0,2268,7,20,3,1,0,Low
42,0,2,8454,2,3,1,3,1,Medium
19,1,0,14666,4,12,2,3,0,High
27,0,0,13370,1,7,1,2,0,High
47,0,0,6229,13,12,2,4,0,Medium
22,1,1,17309,1,2,1,2,0,Executive
50,1,1,19621,12,24,1,1,1,Executive
18,0,2,5054,6,14,4,4,0,Medium
35,0,0,1935,9,22,3,3,1,Low
49,0,1,13172,12,23,3,3,0,High
28,1,1,11530,9,5,3,1,1,High
38,1,1,16560,13,9,1,4,0,Executive
43,0,1,17156,10,21,1,1,1,Executive
42,0,1,17709,9,11,1,1,0,Executive
39,0,0,10726,5,5,2,2,1,High
44,0,0,8774,3,3,2,1,0,Medium
30,0,0,2985,4,27,4,4,0,Low
50,0,0,15252,0,17,1,1,1,Executive
51,0,2,5603,6,2,3,4,1,Medium
58,0,0,16960,7,24,3,3,1,Executive
52,0,1,10462,8,1,4,1,1,High
18,0,0,15166,7,7,3,4,1,Executive
38,0,2,8754,4,14,4,3,0,Medium
23,1,1,15246,2,5,1,4,1,Executive
45,0,0,5078,9,19,3,3,1,Medium
34,1,0,13853,10,28,1,2,0,High
22,0,0,18751,8,28,2,1,1,Executive
48,0,1,5042,14,11,3,1,1,Medium
22,0,1,17284,5,23,2,3,1,Executive
55,0,2,15389,14,25,3,2,0,Executive
20,0,1,3575,4,2,1,4,1,Low
40,0,1,7754,12,8,4,2,0,Medium
54,1,0,18965,2,9,1,4,0,Executive
54,0,1,2986,5,27,1,4,1,Low
27,0,0,19624,2,3,1,1,0,Executive
27,1,0,16470,9,2,3,3,1,Executive
36,0,1,6968,11,7,4,1,1,Medium
34,0,2,8493,5,5,2,1,1,Medium
38,0,2,5103,3,21,1,1,1,Medium
31,0,1,3076,14,26,3,4,1,Low
26,1,2,3994,1,5,2,1,0,Low
18,0,0,4744,7,20,1,4,0,Low
30,1,0,15466,3,13,2,3,0,Executive
21,0,1,15523,8,21,1,4,0,Executive
18,0,2,6594,6,29,2,4,1,Medium
57,0,2,8531,11,20,2,2,1,Medium
49,0,0,8371,1,29,4,1,0,Medium
51,1,1,15547,3,6,4,1,1,Executive
45,1,2,19028,4,20,1,1,0,Executive
48,1,1,4144,2,18,3,1,0,Low
25,0,2,14990,8,25,4,2,0,High
56,1,0,15083,12,2,2,2,0,Executive
43,0,0,17626,4,25,4,2,1,Executive
51,0,1,8954,1,26,4,2,1,Medium
20,0,0,8269,10,6,1,1,0,Medium
29,0,2,8130,2,9,4,4,0,Medium
18,0,0,7828,13,25,4,3,0,Medium
22,0,1,9844,14,3,2,2,0,Medium
47,0,1,15220,8,1,4,4,0,Executive
47,0,1,7331,6,1,2,2,1,Medium
34,1,2,14397,1,19,4,1,0,High
40,0,2,18883,8,5,4,1,0,Executive
32,0,2,11291,13,13,3,4,1,High
54,0,2,19542,3,19,4,4,1,Executive
38,0,2,11164,12,12,2,4,1,High
31,0,0,11450,8,16,2,1,1,High
19,0,2,3035,14,25,1,1,1,Low
28,0,2,12463,12,25,1,3,1,High
56,0,0,8977,1,19,3,4,1,Medium
55,0,2,18241,14,3,2,3,1,Executive
51,0,1,13182,11,12,2,2,1,High
55,0,2,1298,9,5,2,3,0,Low
51,0,2,1923,11,2,3,2,1,Low
35,1,1,14331,3,22,2,2,0,High
47,0,1,7578,4,7,1,3,0,Medium
32,0,1,5875,1,13,3,4,0,Medium
44,0,1,13254,9,25,1,2,0,High
51,0,2,19186,0,15,1,4,0,Executive
55,0,1,11905,6,22,3,1,0,High
50,1,1,14353,9,3,4,2,0,High
41,0,0,16882,0,28,4,1,0,Executive
32,1,1,10663,10,21,1,3,1,High
47,0,1,1941,10,20,4,4,0,Low
59,0,0,2907,7,5,2,3,0,Low
34,1,0,5837,2,24,3,2,0,Medium
22,0,2,14680,13,8,1,1,0,High
46,0,0,18627,9,22,2,2,1,Executive
21,0,2,6696,5,1,4,3,0,Medium
27,0,0,17226,6,8,2,4,1,Executive
34,0,0,14543,9,24,4,4,1,High
27,1,2,13615,0,18,1,2,0,High
34,1,0,2466,13,20,2,2,0,Low
37,1,2,19350,5,28,3,1,1,Executive
41,0,0,1375,6,16,1,3,0,Low
22,0,1,1262,5,18,2,2,0,Low
51,0,0,12580,3,20,2,1,1,High
23,0,2,11136,0,12,4,2,1,High
19,0,0,8833,10,13,1,4,0,Medium
30,0,2,2893,8,13,1,1,0,Low
28,0,2,9106,3,10,1,1,0,Medium
40,0,1,12826,6,7,1,2,1,High
33,0,1,2652,6,25,4,3,0,Low
48,0,2,1599,1,14,3,4,1,Low
28,0,0,19296,0,24,1,3,1,Executive
33,0,2,9792,7,16,4,1,0,Medium
25,0,2,4637,7,15,3,3,1,Low
21,0,0,11355,6,12,3,1,0,High
57,0,0,16989,13,9,4,3,0,Executive
21,0,0,10290,14,8,1,2,1,High
42,0,0,6599,14,18,3,3,0,Medium
20,0,2,15342,14,23,1,1,1,Executive
49,0,2,14945,14,18,1,4,1,High
20,0,1,11762,7,13,2,4,0,High
44,0,2,15312,2,28,1,4,0,Executive
46,0,0,8382,10,27,2,1,0,Medium
49,0,1,9982,1,18,3,3,0,Medium
36,1,0,8707,6,15,4,4,1,Medium
38,0,2,18130,7,4,2,4,1,Executive
22,0,1,5633,0,17,4,4,1,Medium
35,0,0,18304,11,5,3,2,0,Executive
45,0,1,10269,9,22,1,1,1,High
59,0,1,14778,8,16,3,1,1,High
39,0,2,8008,14,9,4,1,0,Medium
38,0,0,16523,12,10,3,1,0,Executive
23,1,1,19765,14,24,1,1,0,Executive
18,0,1,4618,10,18,3,2,1,Low
22,0,0,1272,3,17,1,3,0,Low
58,0,1,14007,13,18,2,2,1,High
29,0,1,19157,11,7,4,4,1,Executive
43,1,1,3547,13,4,1,2,1,Low
51,0,0,4164,3,26,1,1,1,Low
31,1,0,15414,2,5,3,2,1,Executive
43,0,0,15327,5,28,2,1,0,Executive
44,1,0,16576,0,23,1,2,1,Executive
26,0,2,1946,5,16,2,1,0,Low
43,0,1,15693,1,3,2,4,1,Executive
39,0,0,17890,8,26,3,1,1,Executive
47,0,1,16540,1,18,1,2,0,Executive
34,0,1,7719,6,29,3,4,1,Medium
43,0,2,9435,11,23,4,2,1,Medium
53,0,0,12350,0,21,4,4,0,High
18,1,0,4590,11,14,1,3,0,Low
25,0,1,11064,6,15,2,3,1,High
52,0,0,18576,4,17,1,3,1,Executive
32,1,1,18848,7,1,1,2,1,Executive
39,0,1,1390,3,25,4,2,0,Low
31,0,2,13668,14,21,4,4,1,High
43,0,2,12569,11,17,2,4,0,High
45,1,2,14029,14,23,2,4,0,High
40,0,1,14107,9,25,1,4,1,High
31,0,0,3560,6,11,3,1,0,Low
41,1,2,6867,5,17,1,3,1,Medium
19,0,0,16284,4,26,2,1,1,Executive
43,0,2,2211,3,14,3,1,0,Low
31,0,2,10121,14,29,4,1,0,High
24,0,1,2539,6,20,2,1,0,Low
20,0,2,18027,11,19,2,3,0,Executive
40,0,2,9693,4,21,3,1,0,Medium
35,0,1,9921,4,7,2,4,0,Medium
55,1,0,18667,14,24,2,2,1,Executive
52,0,2,11310,0,13,2,4,1,High
32,0,1,13744,1,18,2,2,1,High
42,0,2,5386,4,23,2,4,0,Medium
54,1,1,18303,12,14,2,4,0,Executive
45,0,0,13242,2,1,2,2,0,High
27,0,0,19723,13,7,2,3,1,Executive
56,0,1,15257,12,8,4,1,1,Executive
34,0,1,9947,1,18,2,4,0,Medium
56,0,1,14946,13,9,4,3,0,High
39,0,0,6930,13,1,4,1,0,Medium
43,0,2,6402,3,29,1,3,0,Medium
42,0,0,17017,3,22,1,3,1,Executive
34,0,1,1507,3,17,4,1,1,Low
30,0,1,2436,3,19,4,4,1,Low
37,0,0,12618,2,27,2,3,0,High
42,0,1,9750,12,6,1,4,1,Medium
21,0,0,17122,11,3,3,4,0,Executive
27,0,1,8354,6,24,1,4,0,Medium
20,0,2,12294,8,5,4,1,0,High
58,0,2,14840,11,2,4,2,1,High
35,0,1,5399,4,20,2,4,1,Medium
53,0,0,6037,3,25,2,2,0,Medium
39,0,2,16848,10,4,1,2,1,Executive
51,0,0,4715,1,10,2,3,0,Low
25,0,1,15877,1,10,3,4,0,Executive
57,0,0,8837,4,24,3,4,0,Medium
36,0,2,2301,6,21,2,4,1,Low
59,1,0,8370,9,11,3,2,1,Medium
58,0,0,19539,9,27,3,1,0,Executive
54,0,1,7411,8,16,1,2,1,Medium
23,0,1,7365,12,26,3,4,1,Medium
43,0,1,16449,6,29,4,4,1,Executive
51,0,2,1692,4,29,4,4,1,Low
23,0,2,2478,9,17,1,2,0,Low
54,0,1,7396,9,16,2,4,1,Medium
50,0,1,9448,9,7,1,3,0,Medium
39,0,2,11622,5,16,2,4,0,High
38,1,2,17825,10,3,2,1,1,Executive
23,0,2,11073,11,26,2,3,0,High
23,0,2,3646,2,16,2,4,0,Low
21,0,1,6209,4,8,2,3,1,Medium
47,1,2,7533,7,12,1,4,0,Medium
28,1,1,8211,0,3,2,1,0,Medium
47,0,0,10927,11,17,3,4,1,High
48,1,0,12927,0,21,3,3,1,High
41,0,2,10316,6,18,2,1,1,High
26,0,0,13177,13,11,3,2,1,High
20,0,0,11846,4,4,4,1,1,High
48,1,0,8933,13,16,1,1,0,Medium
57,0,2,6476,4,17,1,1,0,Medium
54,1,2,14853,0,9,2,3,1,High
53,1,0,8928,8,6,2,1,1,Medium
41,0,1,3080,0,24,4,4,0,Low
48,0,0,7089,4,27,2,1,1,Medium
23,0,2,8797,9,20,3,1,1,Medium
19,0,2,18245,8,25,4,4,0,Executive
37,0,2,9346,13,2,3,4,0,Medium
45,0,0,1904,14,9,1,2,0,Low
28,0,1,18653,3,28,3,1,1,Executive
21,0,2,17788,12,21,1,3,0,Executive
32,1,2,10974,7,29,3,1,1,High
23,0,0,2184,5,6,1,1,0,Low
47,1,1,2725,10,3,2,4,1,Low
55,0,0,12380,14,20,3,2,1,High
19,0,2,14057,2,6,1,1,1,High
32,0,1,6606,3,7,3,3,0,Medium
28,0,1,4956,1,1,4,1,0,Low
25,0,2,17555,0,23,2,3,0,Executive
43,1,1,19690,12,1,1,4,1,Executive
22,0,1,17081,13,5,4,2,0,Executive
23,0,0,1421,7,6,3,1,0,Low
43,0,2,6540,0,13,4,2,1,Medium
21,1,2,17288,13,2,3,1,1,Executive
36,0,2,16966,12,15,2,3,0,Executive
37,0,2,16882,10,15,4,2,0,Executive
50,0,2,5675,0,13,2,1,0,Medium
37,0,1,10082,3,26,1,4,1,High
29,0,0,14009,9,25,3,3,0,High
18,0,2,7748,11,14,3,2,1,Medium
43,0,0,7103,9,26,2,1,1,Medium
31,1,0,18857,14,22,2,2,0,Executive
55,0,1,19565,5,7,1,1,0,Executive
54,0,2,12348,8,14,4,3,1,High
28,0,1,10782,0,26,3,4,1,High
53,0,2,6882,6,24,3,3,0,Medium
30,0,1,6798,9,27,1,2,0,Medium
20,0,0,10627,10,29,1,2,0,High
50,0,2,9415,4,10,2,1,1,Medium
23,1,0,13466,11,17,2,3,1,High
27,0,0,10846,14,14,4,1,0,High
22,0,1,13720,7,8,1,3,1,High
40,1,2,10145,13,4,4,2,1,High
27,0,0,5524,6,26,1,1,0,Medium
19,0,1,7559,3,16,3,1,1,Medium
30,0,2,8620,3,24,1,3,0,Medium
57,0,2,4124,5,13,1,4,0,Low
19,0,0,9671,5,22,3,3,1,Medium
37,0,2,12706,8,27,1,4,1,High
18,0,0,18737,11,25,4,3,0,Executive
54,0,2,13070,4,27,2,2,1,High
26,0,1,9134,7,20,2,1,0,Medium
34,0,0,1924,4,18,4,3,1,Low
26,0,0,19554,1,14,3,2,1,Executive
28,0,2,6506,14,18,1,3,1,Medium
32,1,2,14650,5,5,4,1,0,High
41,0,0,3395,8,26,2,3,1,Low
55,0,2,16310,12,9,2,4,0,Executive
52,1,1,9226,2,28,4,1,0,Medium
47,0,2,12781,0,3,2,4,0,High
48,0,1,6515,0,8,4,2,1,Medium
22,0,1,4365,12,20,2,2,0,Low
31,0,1,17972,2,22,4,3,0,Executive
28,0,1,12410,9,10,1,4,1,High
26,1,1,10095,4,22,1,4,0,High
51,0,2,11361,2,19,1,1,0,High
29,0,1,9531,8,21,1,4,1,Medium
52,0,2,5270,7,28,2,4,0,Medium
52,0,1,10906,2,3,3,1,1,High
18,0,0,17940,8,11,4,1,0,Executive
57,0,1,12279,14,11,3,4,0,High
39,0,0,6452,12,17,2,3,1,Medium
46,0,1,7477,5,16,2,1,0,Medium
25,0,1,18400,12,7,3,1,0,Executive
28,1,1,7470,6,4,3,4,0,Medium
58,1,0,3062,3,23,2,4,1,Low
54,0,0,10030,3,19,2,1,1,High
31,0,1,2813,11,12,4,4,1,Low
47,0,2,12671,12,15,1,1,1,High
52,0,1,15308,1,11,1,3,1,Executive
38,0,0,3313,4,5,4,3,0,Low
54,0,1,10706,7,5,3,1,1,High
22,0,0,18615,6,15,2,1,1,Executive
36,0,0,10837,6,29,3,2,1,High
31,1,0,6831,5,18,1,2,0,Medium
43,0,1,5056,2,11,1,4,0,Medium
21,0,0,1305,4,26,3,4,1,Low
42,0,0,15347,12,12,1,1,0,Executive
59,0,1,2689,0,2,2,1,0,Low
42,0,0,4917,6,20,4,2,0,Low
35,0,1,3936,8,15,3,2,0,Low
57,0,0,4862,0,20,2,1,1,Low
25,1,2,15506,12,4,2,3,1,Executive
56,0,2,15318,1,22,1,3,0,Executive
57,0,0,16300,2,18,2,4,0,Executive
31,0,2,6649,2,6,3,1,0,Medium
49,1,1,19203,7,23,2,1,0,Executive
55,0,2,16674,6,27,4,4,1,Executive
50,0,0,18726,5,26,2,2,0,Executive
40,0,0,6560,14,19,2,2,1,Medium
32,0,1,16451,9,11,4,3,0,Executive
50,0,0,19610,9,28,2,1,1,Executive
42,0,1,2079,10,24,2,2,0,Low
34,0,2,14983,3,2,1,3,1,High
50,0,2,16327,8,27,3,3,1,Executive
19,0,1,13755,0,8,1,3,1,High
31,0,1,8235,10,29,3,2,0,Medium
57,0,0,18197,14,11,4,2,1,Executive
57,0,2,3031,1,5,4,1,0,Low
56,0,1,9514,14,18,4,1,1,Medium
23,0,2,10095,13,23,3,3,1,High
23,0,1,15287,3,18,3,3,0,Executive
20,0,2,6911,2,14,3,2,1,Medium
24,0,0,12695,0,22,4,2,0,High
25,1,2,4340,4,10,3,1,0,Low
59,0,2,8876,6,3,2,1,0,Medium
32,0,2,16896,1,9,1,4,0,Executive
46,0,2,13435,4,3,4,1,1,High
50,0,2,2141,5,11,1,2,1,Low
47,0,0,10281,10,12,2,3,0,High
56,0,1,3038,6,12,3,4,1,Low
44,0,2,5270,0,3,1,1,1,Medium
53,1,0,11046,6,21,2,1,0,High
46,0,2,5683,3,7,2,2,1,Medium
55,0,2,17878,7,14,1,4,0,Executive
50,0,1,8116,12,24,4,1,1,Medium
54,0,2,2784,3,28,1,3,1,Low
44,1,0,4786,5,11,4,2,0,Low
50,0,0,10190,8,7,3,4,1,High
21,0,1,6428,4,25,4,1,1,Medium
39,0,2,7681,13,21,3,1,0,Medium
19,0,0,7893,11,10,1,4,1,Medium
27,0,2,13661,3,11,3,2,0,High
22,1,2,15892,7,15,2,4,1,Executive
27,0,2,10643,12,19,3,4,0,High
50,1,1,10943,8,16,4,2,0,High
55,1,2,11472,3,22,4,1,0,High
30,0,0,13992,2,21,4,3,0,High
48,0,2,12126,7,28,3,2,0,High
53,0,0,7869,13,20,4,3,1,Medium
41,0,2,8669,4,12,4,1,1,Medium
32,0,0,12538,1,18,2,4,0,High
46,0,0,11065,9,23,3,3,1,High
25,0,2,11171,8,13,2,1,0,High
22,1,2,18696,2,5,4,1,1,Executive
46,0,0,3962,11,4,4,4,1,Low
21,0,1,14851,1,28,4,4,0,High
29,0,2,13979,0,14,3,1,0,High
19,0,1,6296,13,8,1,1,1,Medium
44,0,2,15745,7,9,4,3,1,Executive
48,0,2,6730,10,25,4,1,0,Medium
53,0,2,14921,2,19,4,1,1,High
53,0,2,1126,6,3,4,3,1,Low
43,0,1,6602,0,5,3,2,0,Medium
44,0,2,18575,0,21,1,3,1,Executive
22,1,0,13581,14,26,1,3,0,High
37,1,0,16997,11,18,1,4,0,Executive
28,0,1,18750,8,1,4,3,0,Executive
27,0,2,10211,14,8,4,1,1,High
57,0,0,15997,11,19,1,1,1,Executive
55,0,1,7671,7,17,1,1,0,Medium
23,0,2,13271,11,17,4,2,0,High
25,0,0,9876,12,11,4,1,1,Medium
40,0,0,3887,2,2,2,2,1,Low
43,0,1,10654,5,6,2,1,1,High
29,0,2,5086,10,22,2,3,0,Medium
43,0,2,19645,2,14,1,4,0,Executive
30,0,0,5180,12,3,3,1,1,Medium
57,0,0,3841,11,12,4,2,1,Low
35,1,0,7040,3,4,2,2,1,Medium
42,0,2,11304,0,12,3,4,0,High
50,1,1,5758,4,13,4,1,0,Medium
57,0,1,18010,0,2,3,3,1,Executive
29,1,2,17234,12,2,1,1,1,Executive
53,0,1,6014,0,15,1,1,0,Medium
21,0,0,2375,9,23,1,4,0,Low
22,0,1,2181,14,29,2,1,1,Low
54,0,1,1490,10,17,4,3,1,Low
25,1,1,4729,10,7,1,2,1,Low
59,1,0,6974,13,28,2,4,0,Medium
45,0,2,19324,6,14,2,3,1,Executive
48,0,0,2882,11,12,2,2,0,Low
26,0,2,3987,5,17,2,4,0,Low
46,0,2,6585,1,14,1,4,1,Medium
31,1,2,4159,13,6,2,2,1,Low
57,0,1,5530,10,19,1,2,0,Medium
58,0,1,18065,11,24,1,3,1,Executive
39,0,2,2073,1,6,2,1,0,Low
28,0,2,14743,10,27,1,1,1,High
40,0,1,19771,6,18,4,1,1,Executive
18,0,0,3693,0,24,4,1,1,Low
54,1,2,10562,12,5,3,1,1,High
38,0,0,5340,1,24,4,3,0,Medium
43,0,1,3156,11,24,1,4,0,Low
53,0,2,17184,7,6,1,3,0,Executive
40,1,0,8966,5,2,4,3,1,Medium
18,0,0,3580,14,8,2,3,0,Low
57,0,0,8257,13,15,2,4,0,Medium
32,0,1,3159,1,15,1,3,0,Low
38,0,1,17172,6,11,2,3,1,Executive
26,0,0,14900,3,22,3,4,0,High
26,1,0,12440,1,22,3,3,1,High
27,0,1,15678,11,24,4,1,1,Executive
43,0,0,15436,5,1,4,2,0,Executive
58,0,0,13021,10,18,2,3,1,High
52,1,1,7772,14,12,1,2,0,Medium
42,0,0,2627,8,12,4,3,0,Low
43,1,0,12664,10,25,3,3,0,High
28,0,0,9219,8,11,4,1,0,Medium
55,1,1,19369,13,28,4,4,0,Executive
19,0,0,10713,7,8,3,2,1,High
24,0,1,9488,14,28,1,4,0,Medium
35,0,1,3181,2,7,4,1,1,Low
44,0,2,12594,2,23,4,1,0,High
51,0,2,19680,1,21,4,2,0,Executive
44,0,0,8164,4,2,2,4,0,Medium
34,0,1,19981,13,11,4,1,1,Executive
41,0,2,1901,11,22,3,3,1,Low
42,0,0,10290,13,10,1,3,1,High
24,0,2,19061,3,3,1,3,1,Executive
23,0,2,3881,6,20,3,4,0,Low
41,0,1,14058,3,29,2,3,0,High
50,0,1,6622,8,10,3,3,1,Medium
46,1,2,2378,11,28,1,1,1,Low
39,1,2,18632,11,27,3,1,1,Executive
43,0,1,6650,1,18,2,3,0,Medium
45,1,0,13433,10,14,1,3,1,High
38,0,1,10456,13,18,2,1,1,High
24,0,2,8036,5,28,3,2,0,Medium
34,0,0,7487,14,24,4,4,1,Medium
37,1,2,18442,6,8,3,4,0,Executive
58,0,0,19432,3,10,2,1,0,Executive
37,0,2,5248,12,22,3,4,0,Medium
39,0,0,19860,5,13,4,1,0,Executive
45,1,0,5603,6,21,2,1,0,Medium
57,0,2,13632,3,8,3,1,1,High
24,0,0,1220,14,4,2,1,1,Low
18,0,1,15226,7,27,2,2,0,Executive
49,0,2,5818,8,4,1,3,0,Medium
30,0,1,8349,0,5,1,3,1,Medium
47,0,2,6618,6,1,2,2,1,Medium
40,0,0,10856,8,17,3,4,0,High
36,0,0,5576,14,2,3,4,1,Medium
49,0,0,19255,11,8,3,3,1,Executive
47,0,2,16207,9,7,4,4,0,Executive
46,0,1,2462,4,15,2,3,1,Low
46,0,1,16905,11,26,2,3,1,Executive
47,0,2,17252,1,25,4,2,1,Executive
33,0,2,9236,9,5,2,4,1,Medium
57,0,1,8813,5,2,2,2,0,Medium
36,0,1,3068,11,7,4,3,1,Low
35,0,1,6753,11,8,1,3,0,Medium
18,0,1,8237,6,28,2,3,1,Medium
31,0,2,15175,1,7,4,1,0,Executive
19,1,2,7191,1,7,3,1,0,Medium
45,0,0,18898,9,28,1,1,1,Executive
47,1,1,19982,14,14,3,2,0,Executive
55,0,0,15622,13,21,2,3,0,Executive
21,1,2,2001,11,18,1,4,0,Low
18,0,2,18417,9,6,4,2,0,Executive
25,1,0,15877,0,4,2,2,0,Executive
46,0,1,11232,3,10,4,2,1,High
56,0,1,5476,6,18,1,4,0,Medium
20,1,1,17862,13,12,3,3,0,Executive
49,0,1,1515,8,16,2,1,1,Low
27,0,0,13478,14,25,2,3,1,High
27,0,0,2191,2,7,4,3,0,Low
36,0,2,11860,11,6,1,2,1,High
51,0,1,14448,10,28,4,2,1,High
50,0,1,7297,6,5,1,2,1,Medium
40,0,1,17655,6,3,2,1,1,Executive
45,0,0,9334,6,12,1,1,1,Medium
49,1,1,7008,1,15,2,1,1,Medium
24,0,0,8987,5,10,1,3,0,Medium
46,0,1,4332,1,26,3,2,0,Low
25,0,1,1787,5,20,1,4,1,Low
18,0,2,7222,12,19,3,3,1,Medium
20,0,1,10873,9,16,1,1,0,High
41,0,1,18006,2,28,1,4,1,Executive
40,0,2,4676,13,11,4,4,0,Low
25,0,0,3572,1,8,4,2,1,Low
54,0,0,7915,11,3,2,4,0,Medium
20,0,1,6033,14,23,4,1,0,Medium
50,1,0,8788,13,7,1,2,1,Medium
45,1,1,16689,5,23,4,4,1,Executive
25,0,2,12452,1,29,1,2,1,High
51,0,2,5712,4,7,3,4,1,Medium
52,0,1,1066,1,14,1,3,0,Low
49,0,2,16855,2,2,2,3,1,Executive
41,0,2,13478,2,10,3,1,0,High
31,0,1,8533,5,19,2,3,1,Medium
49,0,1,16103,5,26,2,3,0,Executive
33,0,2,5616,9,9,2,3,1,Medium
21,0,0,14277,2,16,4,4,1,High
54,0,0,18524,2,19,2,4,0,Executive
38,0,1,6730,12,18,3,2,1,Medium
31,0,1,11724,11,9,1,4,1,High
48,0,0,12772,12,16,2,3,1,High
35,1,2,17268,0,13,3,4,1,Executive
24,0,0,13940,6,10,2,1,1,High
27,0,0,17932,12,25,1,2,0,Executive
24,0,0,15643,7,20,3,2,1,Executive
50,0,0,1198,1,14,3,4,0,Low
40,0,1,17955,3,12,1,3,1,Executive
38,0,1,18174,9,25,3,2,1,Executive
36,0,2,10830,6,19,1,1,0,High
36,1,2,14798,7,7,3,1,0,High
53,0,2,18558,0,23,3,2,0,Executive
46,0,2,12469,3,15,1,3,0,High
35,0,0,1178,5,16,1,3,0,Low
19,0,1,19628,2,27,3,4,1,Executive
18,0,1,18118,4,8,3,4,0,Executive
22,0,2,1798,9,10,1,2,0,Low
37,0,2,8601,8,4,4,4,1,Medium
28,1,0,3795,10,19,1,4,1,Low
59,0,0,13496,12,19,3,4,0,High
19,1,2,5588,2,28,3,1,0,Medium
20,0,1,8297,4,21,3,4,0,Medium
40,0,1,4084,7,27,1,2,1,Low
29,0,1,12110,5,15,3,3,0,High
37,0,2,1731,3,14,4,4,1,Low
22,0,1,2129,7,1,2,3,1,Low
54,0,0,2605,10,16,4,4,1,Low
55,0,0,12970,2,10,1,2,1,High
47,0,2,11937,2,19,3,1,0,High
26,0,0,12362,3,22,1,2,1,High
51,0,2,3933,8,3,2,1,1,Low
52,0,1,16187,4,5,1,4,0,Executive
39,0,1,6074,7,9,3,4,1,Medium
41,0,1,15037,5,18,2,1,0,Executive
34,0,0,8099,2,11,2,2,1,Medium
27,1,2,18874,14,16,3,2,0,Executive
47,0,1,1893,7,2,3,1,1,Low
40,0,2,2390,11,12,3,4,1,Low
49,1,1,5239,8,22,1,1,0,Medium
34,0,0,19647,7,6,4,4,1,Executive
34,0,0,4432,12,11,1,1,1,Low
31,0,2,3371,3,27,1,4,0,Low
26,0,0,2515,13,8,4,1,1,Low
57,0,0,16906,13,12,3,3,1,Executive
19,1,2,7326,12,29,3,4,0,Medium
42,0,1,15605,10,27,4,2,0,Executive
56,0,0,6586,5,2,4,1,0,Medium
26,0,2,3917,0,9,1,2,0,Low
39,0,0,16901,3,15,2,1,0,Executive
21,0,0,18551,7,2,4,2,1,Executive
43,0,0,4793,0,29,1,2,0,Low
46,0,0,10947,2,1,2,1,1,High
51,0,2,16859,0,10,3,1,0,Executive
40,0,2,2577,8,2,3,2,1,Low
54,0,2,10488,1,12,1,2,1,High
28,0,0,19604,8,23,1,2,0,Executive
23,0,0,10164,12,8,4,4,1,High
35,1,0,2030,3,5,3,4,1,Low
38,1,2,16881,1,22,1,3,0,Executive
59,1,0,11785,3,28,3,4,0,High
53,0,1,7691,11,1,3,4,0,Medium
58,0,0,18297,10,15,4,1,0,Executive
55,0,1,7358,10,6,2,3,1,Medium
51,0,0,19565,9,12,4,3,1,Executive
34,0,2,2462,5,8,1,4,1,Low
54,0,0,16511,14,13,4,1,1,Executive
42,0,1,11570,10,19,4,1,1,High
55,0,1,16897,6,27,3,3,1,Executive
29,0,0,12646,2,1,4,1,0,High
40,0,1,16474,2,11,1,2,1,Executive
59,1,1,8037,11,20,2,4,1,Medium
39,0,2,10499,9,1,4,2,1,High
38,0,0,14386,11,8,4,3,0,High
44,0,0,7221,7,5,2,3,0,Medium
48,0,0,8769,4,17,1,1,0,Medium
23,0,1,18071,3,8,1,1,0,Executive
44,0,0,15356,6,25,4,3,1,Executive
57,1,0,19278,6,10,3,3,1,Executive
51,0,2,8389,12,2,4,2,1,Medium
29,0,2,5922,8,9,2,2,0,Medium
24,0,2,14639,8,24,2,1,1,High
27,1,1,11003,4,23,2,2,1,High
34,0,0,6178,12,3,4,1,1,Medium
43,0,2,16240,11,18,4,1,0,Executive
38,0,2,4968,12,7,1,4,0,Low
45,0,2,3716,7,15,3,1,0,Low
19,0,0,17574,9,21,4,2,1,Executive
18,0,0,14511,0,22,1,3,1,High
53,0,0,18719,8,20,4,3,1,Executive
43,0,1,9181,7,18,1,2,1,Medium
46,1,1,13995,5,25,1,3,0,High
38,0,2,12298,12,3,3,1,1,High
28,1,0,17762,2,28,4,3,0,Executive
57,0,2,7380,2,23,1,2,1,Medium
28,1,0,1615,7,14,2,3,0,Low
53,0,0,19714,4,24,2,1,1,Executive
56,0,0,19138,9,2,2,1,1,Executive
57,0,1,1463,10,14,3,2,0,Low
52,0,1,10158,13,22,1,2,0,High
51,0,0,4158,6,11,3,2,1,Low
41,1,2,14434,4,16,4,4,1,High
39,0,0,5938,7,8,4,4,1,Medium
22,0,0,6417,9,7,1,1,0,Medium
50,0,2,9881,9,11,2,4,1,Medium
53,0,0,6603,3,3,1,4,0,Medium
37,0,2,3212,1,17,1,3,1,Low
36,1,1,17766,2,14,1,4,1,Executive
52,0,1,19640,7,6,3,3,1,Executive
34,0,2,12695,14,8,4,2,1,High
51,0,1,18796,10,22,1,3,0,Executive
26,1,1,10775,12,5,1,3,0,High
43,0,2,15559,6,27,1,2,1,Executive
19,0,1,7146,12,28,3,2,1,Medium
26,0,0,1371,1,8,3,1,1,Low
26,0,0,6565,5,2,3,1,0,Medium
57,0,2,9802,8,15,1,1,1,Medium
34,1,1,9307,14,12,2,1,0,Medium
18,0,0,8437,3,17,2,3,0,Medium
42,0,0,1446,8,1,2,3,0,Low
57,0,1,2391,1,15,4,1,0,Low
59,0,1,12516,1,14,1,4,1,High
42,0,0,18724,8,20,2,1,1,Executive
56,1,0,16454,11,22,2,4,0,Executive
52,1,2,12891,6,16,2,2,1,High
20,0,2,15998,6,29,1,3,1,Executive
54,0,0,6969,0,9,2,3,1,Medium
47,0,2,10265,12,1,2,4,0,High
55,0,0,16861,10,28,1,1,1,Executive
51,0,0,6454,5,17,4,3,1,Medium
29,1,2,4150,12,29,3,4,1,Low
36,0,2,16386,6,13,2,2,1,Executive
54,1,1,7414,10,21,3,2,1,Medium
34,0,1,5657,13,26,4,3,1,Medium
27,0,1,11486,5,21,4,1,1,High
29,0,0,15894,5,5,2,4,1,Executive
33,0,2,6480,1,10,1,3,1,Medium
41,0,0,9033,5,6,4,2,1,Medium
36,0,2,1983,3,24,3,1,0,Low
25,0,0,9543,8,19,3,4,1,Medium
48,1,1,10916,14,25,3,3,0,High
38,0,1,11143,11,13,3,4,1,High
34,1,1,16581,0,1,4,1,0,Executive
40,1,0,2907,12,20,2,1,0,Low
54,0,2,10216,7,25,2,2,1,High
33,0,2,9737,4,15,3,1,0,Medium
23,0,1,14757,0,14,2,3,0,High
25,0,1,5174,3,8,3,4,0,Medium
42,0,1,16708,0,10,3,1,1,Executive
35,0,1,10297,5,9,1,1,0,High
42,0,2,2990,1,17,4,3,0,Low
29,0,0,6596,14,9,4,4,1,Medium
32,0,0,17374,4,3,3,4,0,Executive
43,0,0,4775,6,11,4,2,0,Low
58,0,0,19445,1,12,2,2,0,Executive
43,0,1,16706,5,10,3,4,1,Executive
49,0,1,15645,5,25,1,3,0,Executive
27,0,1,14668,4,17,2,3,1,High
33,0,0,16960,4,17,1,2,0,Executive
24,0,1,12357,13,25,1,1,0,High
34,0,1,5435,2,11,4,3,0,Medium
40,0,2,16804,14,22,4,1,0,Executive
43,0,2,18429,9,4,3,3,1,Executive
38,0,1,15626,14,7,4,4,0,Executive
39,1,2,8951,9,21,1,2,1,Medium
24,0,2,7449,10,26,1,1,0,Medium
31,0,1,4199,11,14,2,1,1,Low
32,0,1,7768,1,7,1,4,0,Medium
24,0,1,10130,6,24,3,3,0,High
26,0,1,9633,0,8,3,1,1,Medium
25,0,0,19934,5,1,4,3,1,Executive
40,0,0,5225,5,24,4,4,1,Medium
46,0,1,17980,2,22,4,2,1,Executive
35,0,2,7054,1,4,3,1,0,Medium
48,1,1,2505,11,29,1,3,1,Low
47,0,1,10053,1,12,4,1,1,High
56,0,2,16749,13,24,2,3,1,Executive
52,0,0,11832,12,3,4,3,0,High
35,1,1,17344,8,13,3,3,0,Executive
59,0,1,15783,10,20,4,4,0,Executive
56,0,0,2551,4,6,1,2,0,Low
34,0,0,16154,6,11,4,1,1,Executive
31,0,2,14799,11,23,3,2,0,High
48,1,0,7852,4,4,3,3,1,Medium
41,0,0,2449,6,20,2,3,0,Low
52,0,0,3659,12,16,3,2,1,Low
51,1,2,8509,3,7,2,2,1,Medium
20,0,0,3721,7,22,1,1,1,Low
54,0,0,13444,12,29,3,3,1,High
57,1,2,10637,10,11,4,2,1,High
43,0,0,11490,13,24,1,4,0,High
40,0,0,3925,9,1,4,3,1,Low
56,0,2,10824,12,26,4,3,1,High
32,1,1,7240,10,29,4,1,1,Medium
21,0,2,17896,9,27,1,4,1,Executive
46,0,0,1215,6,7,1,1,0,Low
39,0,0,8299,9,12,3,4,0,Medium
42,0,0,12523,14,7,4,1,1,High
30,0,2,11364,4,27,2,4,1,High
35,0,0,4153,10,23,3,4,1,Low
50,0,0,2706,5,7,1,4,1,Low
33,0,2,11298,4,10,2,2,0,High
59,0,1,2567,6,16,1,3,0,Low
19,0,1,11400,11,26,2,4,1,High
52,0,0,11345,1,8,3,2,1,High
59,0,2,2128,4,9,2,2,1,Low
51,0,0,8867,14,9,3,1,1,Medium
47,0,2,19749,9,2,1,3,1,Executive
30,0,2,6583,14,13,2,3,0,Medium
30,0,1,5897,2,13,4,1,0,Medium
35,0,1,7001,8,23,4,3,1,Medium
49,0,2,12113,12,23,1,1,0,High
49,0,0,5567,5,4,2,2,0,Medium
52,1,1,10271,12,25,4,2,0,High
56,1,0,15348,9,24,3,4,1,Executive
46,0,1,12703,2,12,2,1,0,High
46,0,1,14329,6,17,2,2,0,High
33,0,0,3741,3,2,4,2,1,Low
27,0,1,7256,13,13,3,1,0,Medium
47,0,1,1228,2,29,3,2,1,Low
42,1,0,17678,7,18,3,3,0,Executive
56,0,1,5284,12,28,2,2,1,Medium
37,0,1,14264,3,28,1,1,1,High
22,0,1,14390,10,27,2,3,0,High
18,0,0,1918,0,15,2,3,0,Low
47,0,2,12445,5,8,4,2,1,High
20,1,0,1498,9,15,1,4,1,Low
31,0,2,3809,10,1,3,3,0,Low
47,0,1,5961,10,20,4,1,0,Medium
21,0,2,10017,0,10,2,4,0,High
35,0,0,4779,4,12,1,4,0,Low
54,0,0,11050,6,5,3,3,1,High
42,0,1,3118,14,9,3,2,1,Low
18,0,2,7391,5,23,2,4,1,Medium
32,0,1,1145,13,8,3,2,0,Low
26,0,1,14929,1,16,3,3,0,High
32,0,0,15917,10,14,1,1,1,Executive
41,0,2,5565,3,27,4,4,1,Medium
21,0,2,17576,10,25,1,1,1,Executive
29,1,2,7637,14,13,4,2,1,Medium
54,1,2,9243,1,23,4,2,1,Medium
54,1,1,3410,10,21,4,1,1,Low
23,0,1,2820,0,13,3,3,0,Low
56,0,0,3521,14,5,1,3,1,Low
41,1,1,19952,2,16,3,4,1,Executive
28,1,1,6882,2,26,2,4,1,Medium
30,0,0,2867,14,11,1,3,1,Low
51,0,0,8465,11,22,4,3,1,Medium
42,0,0,12461,6,5,3,1,1,High
24,0,1,7103,0,13,3,2,1,Medium
21,0,1,13197,8,28,1,2,0,High
25,1,0,16424,10,11,1,4,1,Executive
37,0,0,17053,5,25,4,3,0,Executive
46,0,0,1240,3,19,4,1,0,Low
27,0,1,5631,2,3,2,4,0,Medium
51,0,1,10599,14,15,4,1,1,High
43,1,2,12694,2,7,3,3,1,High
58,0,1,6077,1,7,2,3,1,Medium
20,0,1,4768,1,6,2,3,1,Low
23,0,1,10142,13,3,2,2,1,High
22,0,0,8995,11,13,1,3,1,Medium
22,0,1,14276,12,7,4,4,1,High
40,1,0,13746,9,5,2,2,1,High
26,1,2,12475,4,23,1,1,1,High
52,0,2,19557,8,18,1,4,1,Executive
37,0,0,7568,1,22,2,4,0,Medium
59,1,0,3601,1,8,2,1,1,Low
52,0,0,7080,11,17,3,2,1,Medium
35,0,1,14854,5,20,2,4,1,High
34,0,2,3159,12,27,3,4,0,Low
41,1,0,9313,14,1,2,4,1,Medium
20,0,1,5368,9,14,2,2,1,Medium
49,0,2,2317,1,17,4,2,0,Low
52,0,1,14272,11,10,2,2,1,High
55,0,2,2230,3,12,2,4,0,Low
30,0,1,18517,5,16,3,3,0,Executive
42,0,2,2301,4,14,3,1,0,Low
26,1,2,16927,0,27,4,3,0,Executive
21,0,1,2910,14,16,2,2,1,Low
31,1,0,15904,5,8,2,4,0,Executive
54,0,2,9107,0,23,3,4,0,Medium
51,0,0,19300,2,28,1,3,1,Executive
28,0,1,3757,9,10,1,3,1,Low
58,0,0,7464,4,29,1,1,1,Medium
20,1,0,17562,13,17,3,4,0,Executive
45,0,0,10088,9,27,3,3,1,High
46,0,0,16124,12,29,1,1,0,Executive
26,0,0,15260,4,18,1,2,0,Executive
20,0,2,10743,12,20,2,3,1,High
42,0,2,9683,9,16,3,2,1,Medium
51,0,2,1060,5,17,3,1,1,Low
29,0,1,10269,14,16,1,2,1,High
59,0,0,3895,11,19,1,4,1,Low
26,0,2,16323,9,24,4,4,1,Executive
32,0,1,13352,7,24,3,2,0,High
57,0,2,12875,4,8,4,4,0,High
42,0,2,17969,13,6,2,1,1,Executive
22,0,0,6823,14,6,4,4,0,Medium
28,0,1,12962,10,21,1,2,0,High
51,0,0,1534,0,29,3,2,0,Low
41,0,0,5011,4,9,3,2,0,Medium
32,1,2,3155,2,4,4,3,0,Low
55,0,0,7957,3,26,4,2,0,Medium
25,0,1,10196,14,12,2,1,1,High
22,0,0,11691,14,28,2,4,1,High
43,1,0,14327,12,12,1,4,1,High
35,0,0,3706,7,23,1,3,0,Low
23,0,2,1001,6,17,1,3,1,Low
54,0,1,10225,10,15,4,1,1,High
30,0,2,18488,4,9,4,2,1,Executive
45,0,2,15820,1,7,3,3,0,Executive
22,1,2,11891,5,10,1,4,1,High
30,0,2,2861,10,16,4,3,0,Low
34,0,2,6269,5,12,3,3,1,Medium
57,0,1,12112,9,25,1,2,1,High
49,0,0,16699,9,7,2,3,1,Executive
46,0,2,9320,13,18,2,1,0,Medium
20,0,2,17821,10,15,4,4,0,Executive
57,0,1,11740,5,6,3,2,0,High
51,0,1,4129,13,26,2,4,0,Low
