State,Account length,Area code,Contract,International plan,Voice mail plan,Number vmail messages,Total day minutes,Total day calls,Total day charge,Total eve minutes,Total eve calls,Total eve charge,Total night minutes,Total night calls,Total night charge,Total intl minutes,Total intl calls,Total intl charge,Customer service calls,Churn,Total Call duration,Complaints,Recharge Frequency,Total_charge,estimated_recharge_freq,Avg_Days_Between_Recharge
LA,117,408,Month-to-month,No,No,0,184.5,97,31.37,351.6,80,29.89,215.8,90,9.71,8.7,4,2.35,1,FALSE,760.6,0,,73.32,0.37,81.83
IN,65,415,One year,No,No,0,129.1,137,21.95,228.5,83,19.42,208.8,111,9.4,12.7,6,3.43,4,TRUE,579.1,1,,54.2,0.27,110.7
NY,161,415,Month-to-month,No,No,0,332.9,67,56.59,317.8,97,27.01,160.6,128,7.23,5.4,9,1.46,4,TRUE,816.7,1,,92.29,0.46,65.01
SC,111,415,One year,No,No,0,110.4,103,18.77,137.3,102,11.67,189.6,105,8.53,7.7,6,2.08,2,FALSE,445,0,,41.05,0.21,146.16
HI,49,510,Month-to-month,No,No,0,119.3,117,20.28,215.1,109,18.28,178.7,90,8.04,11.1,1,3,1,FALSE,524.2,0,,49.6,0.25,120.97
AK,36,408,Month-to-month,No,Yes,30,146.3,128,24.87,162.5,80,13.81,129.3,109,5.82,14.5,6,3.92,0,FALSE,452.6,0,,48.42,0.24,123.92
MI,65,415,Month-to-month,No,No,0,211.3,120,35.92,162.6,122,13.82,134.7,118,6.06,13.2,5,3.56,3,FALSE,521.8,0,,59.36,0.3,101.08
ID,119,415,Month-to-month,No,No,0,159.1,114,27.05,231.3,117,19.66,143.2,91,6.44,8.8,3,2.38,5,TRUE,542.4,1,,55.53,0.28,108.05
VA,10,408,Month-to-month,No,No,0,186.1,112,31.64,190.2,66,16.17,282.8,57,12.73,11.4,6,3.08,2,FALSE,670.5,0,,63.62,0.32,94.31
WI,68,415,One year,No,No,0,148.8,70,25.3,246.5,164,20.95,129.8,103,5.84,12.1,3,3.27,3,FALSE,537.2,0,,55.36,0.28,108.38
MN,74,510,Month-to-month,No,Yes,33,193.7,91,32.93,246.1,96,20.92,138,92,6.21,14.6,3,3.94,2,FALSE,592.4,0,,64,0.32,93.75
HI,85,415,Two year,No,No,0,235.8,109,40.09,157.2,94,13.36,188.2,99,8.47,12,3,3.24,0,FALSE,593.2,0,,65.16,0.33,92.08
MN,46,415,One year,No,No,0,214.1,72,36.4,164.4,104,13.97,177.5,113,7.99,8.2,3,2.21,2,FALSE,564.2,0,,60.57,0.3,99.06
VT,128,510,Month-to-month,No,Yes,29,179.3,104,30.48,225.9,86,19.2,323,78,14.54,8.6,7,2.32,0,FALSE,736.8,0,,66.54,0.33,90.17
LA,155,415,Month-to-month,No,No,0,203.4,100,34.58,190.9,104,16.23,196,119,8.82,8.9,4,2.4,0,TRUE,599.2,0,,62.03,0.31,96.73
MT,73,415,Two year,No,No,0,160.1,110,27.22,213.3,72,18.13,174.1,72,7.83,13,4,3.51,0,FALSE,560.5,0,,56.69,0.28,105.84
ID,77,415,One year,No,No,0,251.8,72,42.81,205.7,126,17.48,275.2,109,12.38,9.8,7,2.65,2,TRUE,742.5,0,,75.32,0.38,79.66
MA,108,415,Two year,No,No,0,178.3,137,30.31,189,76,16.07,129.1,102,5.81,14.6,5,3.94,0,FALSE,511,0,,56.13,0.28,106.89
KY,95,408,Month-to-month,No,No,0,135,99,22.95,183.6,106,15.61,245.3,102,11.04,12.5,9,3.38,1,FALSE,576.4,0,,52.98,0.26,113.25
MI,36,510,Month-to-month,No,Yes,29,281.4,102,47.84,202.2,76,17.19,187.2,113,8.42,9,6,2.43,2,FALSE,679.8,0,,75.88,0.38,79.07
CO,141,415,Month-to-month,No,Yes,32,148.6,91,25.26,131.1,97,11.14,219.4,142,9.87,10.1,1,2.73,1,FALSE,509.2,0,,49,0.25,122.45
AZ,63,415,One year,No,No,0,58.9,125,10.01,169.6,59,14.42,211.4,88,9.51,9.4,3,2.54,1,FALSE,449.3,0,,36.48,0.18,164.47
ID,97,408,Month-to-month,No,No,0,239.8,125,40.77,214.8,111,18.26,143.3,81,6.45,8.7,5,2.35,2,FALSE,606.6,0,,67.83,0.34,88.46
CA,75,408,Two year,No,No,0,166.3,125,28.27,158.2,86,13.45,256.7,80,11.55,6.1,5,1.65,1,FALSE,587.3,0,,54.92,0.27,109.25
WA,127,408,Month-to-month,No,No,0,146.7,91,24.94,203.5,78,17.3,203.4,110,9.15,13.7,3,3.7,1,FALSE,567.3,0,,55.09,0.28,108.91
LA,121,408,Month-to-month,No,No,0,181.5,121,30.86,218.4,98,18.56,161.6,103,7.27,8.5,5,2.3,1,FALSE,570,0,,58.99,0.29,101.71
NE,117,415,Month-to-month,No,No,0,102.8,119,17.48,206.7,91,17.57,299,105,13.46,10.1,7,2.73,1,FALSE,618.6,0,,51.24,0.26,117.1
OH,65,408,Month-to-month,No,No,0,187.9,116,31.94,157.6,117,13.4,227.3,86,10.23,7.5,6,2.03,1,FALSE,580.3,0,,57.6,0.29,104.17
MO,6,510,Two year,No,No,0,183.6,117,31.21,256.7,72,21.82,178.6,79,8.04,10.2,2,2.75,1,FALSE,629.1,0,,63.82,0.32,94.01
AL,32,510,Month-to-month,No,No,0,230.9,87,39.25,187.4,90,15.93,154,53,6.93,6.3,2,1.7,0,FALSE,578.6,0,,63.81,0.32,94.03
NH,64,408,Two year,No,Yes,27,182.1,91,30.96,169.7,98,14.42,164.7,86,7.41,10.6,5,2.86,2,FALSE,527.1,0,,55.65,0.28,107.82
NM,25,415,Month-to-month,No,No,0,119.3,87,20.28,211.5,101,17.98,268.9,86,12.1,10.5,4,2.84,3,FALSE,610.2,0,,53.2,0.27,112.78
OR,65,415,One year,No,No,0,116.8,87,19.86,178.9,93,15.21,182.4,150,8.21,14.1,2,3.81,1,FALSE,492.2,0,,47.09,0.24,127.42
MI,127,415,Month-to-month,No,No,0,202.1,103,34.36,229.4,86,19.5,195.2,113,8.78,11.5,3,3.11,2,FALSE,638.2,0,,65.75,0.33,91.25
AZ,93,415,Month-to-month,No,No,0,271.6,71,46.17,229.4,108,19.5,77.3,121,3.48,10.9,3,2.94,2,FALSE,589.2,0,,72.09,0.36,83.23
TX,208,510,Two year,No,No,0,326.5,67,55.51,176.3,113,14.99,181.7,102,8.18,10.7,6,2.89,2,TRUE,695.2,0,,81.57,0.41,73.56
IN,122,415,Month-to-month,No,No,0,243.8,98,41.45,83.9,72,7.13,179.8,84,8.09,13.7,8,3.7,2,FALSE,521.2,0,,60.37,0.3,99.39
LA,99,415,Month-to-month,No,No,0,241.1,72,40.99,155.6,98,13.23,188.2,109,8.47,11.6,10,3.13,1,FALSE,596.5,0,,65.82,0.33,91.16
MS,65,415,Month-to-month,No,No,0,136.1,112,23.14,272.9,96,23.2,220.2,104,9.91,4.4,2,1.19,1,FALSE,633.6,0,,57.44,0.29,104.46
IN,65,415,Month-to-month,No,No,0,213.4,111,36.28,234.5,94,19.93,250.1,123,11.25,2.7,4,0.73,1,FALSE,700.7,0,,68.19,0.34,87.99
KY,45,415,One year,No,Yes,22,196.6,84,33.42,313.2,92,26.62,163.3,108,7.35,11.9,3,3.21,0,FALSE,685,0,,70.6,0.35,84.99
MN,139,510,Two year,No,No,0,134.4,106,22.85,211.3,98,17.96,193.6,125,8.71,10.2,2,2.75,5,TRUE,549.5,1,,52.27,0.26,114.79
WY,215,510,One year,No,No,0,83.6,148,14.21,120.9,91,10.28,226.6,110,10.2,10.7,9,2.89,0,FALSE,441.8,0,,37.58,0.19,159.66
AZ,94,408,Two year,No,No,0,181.8,85,30.91,202.4,98,17.2,245.9,97,11.07,9.2,2,2.48,4,FALSE,639.3,1,,61.66,0.31,97.31
NM,119,510,Month-to-month,No,Yes,23,154,114,26.18,278,137,23.63,228.4,112,10.28,11.8,4,3.19,2,FALSE,672.2,0,,63.28,0.32,94.82
MI,86,510,Month-to-month,No,Yes,41,119,101,20.23,230,134,19.55,236.9,58,10.66,9.5,3,2.57,0,FALSE,595.4,0,,53.01,0.27,113.19
FL,106,408,Month-to-month,No,Yes,32,165.9,126,28.2,216.5,93,18.4,173.1,86,7.79,14.1,8,3.81,4,FALSE,569.6,1,,58.2,0.29,103.09
KS,92,408,Month-to-month,Yes,No,0,62.6,111,10.64,180.6,126,15.35,221.7,80,9.98,10.4,2,2.81,1,TRUE,475.3,0,,38.78,0.19,154.72
SC,78,510,Two year,No,No,0,168.3,110,28.61,221.2,73,18.8,241,136,10.85,12.5,1,3.38,1,FALSE,643,0,,61.64,0.31,97.34
NC,155,408,Two year,No,No,0,262.4,55,44.61,194.6,113,16.54,146.5,85,6.59,8.3,6,2.24,2,FALSE,611.8,0,,69.98,0.35,85.74
MO,64,510,Month-to-month,No,Yes,48,94.4,104,16.05,136.2,101,11.58,147.4,89,6.63,4.5,4,1.22,0,FALSE,382.5,0,,35.48,0.18,169.11
WA,83,415,Month-to-month,No,No,0,221.4,103,37.64,231.8,103,19.7,122.5,100,5.51,9.8,5,2.65,3,FALSE,585.5,0,,65.5,0.33,91.6
SD,144,408,Month-to-month,No,Yes,48,189.8,96,32.27,123.4,67,10.49,214.2,106,9.64,6.5,2,1.76,2,TRUE,533.9,0,,54.16,0.27,110.78
MT,143,415,Month-to-month,No,No,0,172.3,97,29.29,174,108,14.79,188.2,119,8.47,13,4,3.51,2,FALSE,547.5,0,,56.06,0.28,107.03
MN,81,415,One year,No,No,0,198.4,93,33.73,210.9,108,17.93,193.3,71,8.7,10.4,6,2.81,2,FALSE,613,0,,63.17,0.32,94.98
SD,145,408,Month-to-month,No,Yes,24,147.5,90,25.08,175.7,108,14.93,252.1,102,11.34,15.6,3,4.21,2,FALSE,590.9,0,,55.56,0.28,107.99
OK,89,510,One year,No,No,0,303.9,95,51.66,260.9,114,22.18,312.1,89,14.04,5.3,3,1.43,1,TRUE,882.2,0,,89.31,0.45,67.18
CT,199,415,One year,No,Yes,34,230.6,121,39.2,219.4,99,18.65,299.3,94,13.47,8,2,2.16,0,FALSE,757.3,0,,73.48,0.37,81.65
CT,96,415,Two year,No,Yes,37,172.7,93,29.36,120.1,116,10.21,216.1,86,9.72,10.3,5,2.78,5,TRUE,519.2,1,,52.07,0.26,115.23
MN,94,415,Two year,No,No,0,181.5,98,30.86,199.9,88,16.99,287.7,114,12.95,6.6,5,1.78,1,FALSE,675.7,0,,62.58,0.31,95.88
FL,127,415,Month-to-month,No,No,0,266.6,106,45.32,264.8,168,22.51,207.2,119,9.32,5.9,2,1.59,1,TRUE,744.5,0,,78.74,0.39,76.2
RI,121,408,Month-to-month,No,No,0,170.4,108,28.97,350.5,68,29.79,297,87,13.37,11.2,3,3.02,0,TRUE,829.1,0,,75.15,0.38,79.84
IN,122,408,Two year,No,No,0,296.4,99,50.39,214.8,89,18.26,133.9,107,6.03,11.4,3,3.08,4,TRUE,656.5,1,,77.76,0.39,77.16
AL,121,408,One year,No,Yes,35,68.7,95,11.68,209.2,69,17.78,197.4,42,8.88,11.4,4,3.08,1,FALSE,486.7,0,,41.42,0.21,144.86
OR,77,510,Month-to-month,No,No,0,233.8,104,39.75,266.5,94,22.65,212.7,104,9.57,7.6,3,2.05,2,FALSE,720.6,0,,74.02,0.37,81.06
MS,64,408,Month-to-month,Yes,No,0,236.2,77,40.15,218.6,85,18.58,194.1,97,8.73,13.2,2,3.56,2,TRUE,662.1,0,,71.02,0.36,84.48
CA,124,408,One year,Yes,No,0,244.6,89,41.58,188.8,80,16.05,206,114,9.27,11.3,4,3.05,1,FALSE,650.7,0,,69.95,0.35,85.78
DE,148,415,Two year,No,No,0,124.4,83,21.15,179.7,81,15.27,253,99,11.39,11.3,6,3.05,0,FALSE,568.4,0,,50.86,0.25,117.97
MS,77,408,Two year,No,No,0,230,87,39.1,103.2,138,8.77,309.6,136,13.93,11.3,3,3.05,2,FALSE,654.1,0,,64.85,0.32,92.52
NC,135,415,Month-to-month,No,No,0,201.8,81,34.31,225,114,19.13,204.4,82,9.2,10.3,6,2.78,1,FALSE,641.5,0,,65.42,0.33,91.72
SD,87,415,Month-to-month,No,Yes,21,214,113,36.38,180,114,15.3,134.5,82,6.05,10.6,5,2.86,0,FALSE,539.1,0,,60.59,0.3,99.03
NH,54,510,One year,No,No,0,210.5,102,35.79,204.5,83,17.38,127.8,53,5.75,8.5,5,2.3,1,FALSE,551.3,0,,61.22,0.31,98.01
MA,35,415,Two year,No,No,0,105.6,129,17.95,258.2,129,21.95,213.1,77,9.59,8.7,3,2.35,0,FALSE,585.6,0,,51.84,0.26,115.74
TX,84,408,Two year,No,No,0,138.6,102,23.56,199,93,16.92,204.1,137,9.18,7.8,4,2.11,0,FALSE,549.5,0,,51.77,0.26,115.9
OR,94,415,Month-to-month,No,No,0,234.4,103,39.85,279.3,109,23.74,234.2,121,10.54,2,2,0.54,1,TRUE,749.9,0,,74.67,0.37,80.35
UT,96,408,One year,No,Yes,26,145.8,108,24.79,192.2,89,16.34,165.1,96,7.43,9.9,2,2.67,1,FALSE,513,0,,51.23,0.26,117.12
NV,64,415,One year,No,No,0,97.2,80,16.52,186.2,90,15.83,189,92,8.5,10.4,6,2.81,2,FALSE,482.8,0,,43.66,0.22,137.43
NE,85,415,Month-to-month,No,No,0,259.8,85,44.17,242.3,117,20.6,168.8,72,7.6,5.4,1,1.46,0,FALSE,676.3,0,,73.83,0.37,81.27
AZ,117,408,Month-to-month,No,No,0,239.9,84,40.78,174.8,106,14.86,209.5,93,9.43,9.8,2,2.65,0,FALSE,634,0,,67.72,0.34,88.6
DC,112,415,One year,No,Yes,16,221.6,110,37.67,130.2,123,11.07,200,108,9,11.3,3,3.05,1,FALSE,563.1,0,,60.79,0.3,98.7
MA,129,510,Month-to-month,Yes,No,0,192.9,131,32.79,185.5,101,15.77,205.2,130,9.23,10.9,4,2.94,1,FALSE,594.5,0,,60.73,0.3,98.8
AZ,140,408,Month-to-month,No,No,0,173.2,91,29.44,196.8,106,16.73,209.3,128,9.42,11.2,5,3.02,3,FALSE,590.5,0,,58.61,0.29,102.37
MI,81,415,Month-to-month,No,No,0,153.5,99,26.1,197.6,102,16.8,198.5,86,8.93,6.3,2,1.7,2,FALSE,555.9,0,,53.53,0.27,112.09
TX,70,510,Month-to-month,No,No,0,59.5,103,10.12,257.2,106,21.86,208.3,86,9.37,11.1,6,3,0,FALSE,536.1,0,,44.35,0.22,135.29
ID,79,510,Two year,No,Yes,21,264.3,79,44.93,202.8,118,17.24,173.4,92,7.8,6.3,3,1.7,4,FALSE,646.8,1,,71.67,0.36,83.72
AL,85,408,Month-to-month,No,No,0,127.9,107,21.74,271.2,124,23.05,202.2,76,9.1,12.5,5,3.38,0,FALSE,613.8,0,,57.27,0.29,104.77
SD,91,510,One year,No,No,0,149,115,25.33,245.3,105,20.85,260,94,11.7,8.3,3,2.24,0,FALSE,662.6,0,,60.12,0.3,99.8
LA,149,415,Two year,No,Yes,20,198.9,77,33.81,274,88,23.29,190.7,76,8.58,14.3,9,3.86,1,FALSE,677.9,0,,69.54,0.35,86.28
AZ,60,415,Two year,No,No,0,98.2,88,16.69,180.5,69,15.34,223.6,69,10.06,9.3,2,2.51,2,FALSE,511.6,0,,44.6,0.22,134.53
RI,115,408,Month-to-month,No,No,0,147.9,109,25.14,228.4,117,19.41,299.7,90,13.49,9.6,9,2.59,3,FALSE,685.6,0,,60.63,0.3,98.96
OH,144,415,Month-to-month,No,Yes,18,106.4,109,18.09,108.1,113,9.19,208.4,111,9.38,10.1,5,2.73,1,FALSE,433,0,,39.39,0.2,152.32
AZ,86,415,Month-to-month,No,Yes,32,70.9,163,12.05,166.7,121,14.17,244.9,105,11.02,11.1,5,3,3,FALSE,493.6,0,,40.24,0.2,149.11
MI,139,415,Two year,No,Yes,20,214.6,101,36.48,235.1,132,19.98,162.8,132,7.33,14.8,12,4,0,FALSE,627.3,0,,67.79,0.34,88.51
NV,124,408,Month-to-month,No,No,0,151.1,123,25.69,187.4,104,15.93,255.4,93,11.49,5.3,3,1.43,1,FALSE,599.2,0,,54.54,0.27,110.01
MA,102,510,Two year,Yes,No,0,233.8,103,39.75,221.6,131,18.84,146.9,106,6.61,12.8,3,3.46,0,FALSE,615.1,0,,68.66,0.34,87.39
IN,78,415,Month-to-month,No,No,0,208.9,119,35.51,252.4,132,21.45,280.2,120,12.61,12.8,7,3.46,0,FALSE,754.3,0,,73.03,0.37,82.16
AL,55,415,One year,Yes,No,0,191.9,91,32.62,256.1,110,21.77,203.7,101,9.17,14.3,6,3.86,1,TRUE,666,0,,67.42,0.34,88.99
RI,129,415,Month-to-month,No,Yes,33,119.6,104,20.33,278.7,88,23.69,263.4,175,11.85,5.9,2,1.59,2,FALSE,667.6,0,,57.46,0.29,104.42
ME,75,408,Two year,Yes,No,0,211.3,61,35.92,105.6,119,8.98,175.9,63,7.92,9.7,4,2.62,4,TRUE,502.5,1,,55.44,0.28,108.23
SD,126,415,Month-to-month,No,Yes,23,114.3,102,19.43,190.3,103,16.18,240.4,111,10.82,12.6,7,3.4,3,FALSE,557.6,0,,49.83,0.25,120.41
MO,92,415,Month-to-month,No,No,0,154,122,26.18,329.8,88,28.03,288,117,12.96,5.6,2,1.51,3,TRUE,777.4,0,,68.68,0.34,87.36
OK,52,408,Month-to-month,No,No,0,214.7,68,36.5,158.6,138,13.48,123.4,114,5.55,9.4,4,2.54,2,FALSE,506.1,0,,58.07,0.29,103.32
IL,87,510,One year,No,No,0,231.3,105,39.32,171.7,108,14.59,67.7,136,3.05,13,6,3.51,1,FALSE,483.7,0,,60.47,0.3,99.22
NJ,95,415,One year,No,Yes,22,40.9,126,6.95,133.4,90,11.34,264.2,91,11.89,11.9,7,3.21,0,FALSE,450.4,0,,33.39,0.17,179.69
LA,67,510,Two year,No,No,0,310.4,97,52.77,66.5,123,5.65,246.5,99,11.09,9.2,10,2.48,4,FALSE,632.6,1,,71.99,0.36,83.34
OR,165,415,Month-to-month,No,No,0,216.6,126,36.82,190.8,104,16.22,224.7,123,10.11,12.4,8,3.35,0,FALSE,644.5,0,,66.5,0.33,90.23
RI,150,415,One year,No,Yes,29,209.9,77,35.68,158,52,13.43,141.9,113,6.39,6.6,1,1.78,0,FALSE,516.4,0,,57.28,0.29,104.75
NC,26,415,One year,No,No,0,234.5,109,39.87,216.5,129,18.4,191.6,94,8.62,3.5,6,0.95,3,FALSE,646.1,0,,67.84,0.34,88.44
MD,79,510,One year,No,Yes,31,103.1,90,17.53,243,135,20.66,76.4,92,3.44,12.2,8,3.29,3,FALSE,434.7,0,,44.92,0.22,133.57
WI,69,510,Two year,Yes,No,0,279.8,90,47.57,248.7,91,21.14,171,118,7.69,8.4,10,2.27,2,TRUE,707.9,0,,78.67,0.39,76.27
VT,95,510,Month-to-month,Yes,Yes,41,136.8,91,23.26,200.8,61,17.07,133.7,67,6.02,10.3,9,2.78,5,TRUE,481.6,1,,49.13,0.25,122.12
NY,157,415,One year,No,No,0,224.5,111,38.17,200.7,99,17.06,116.6,118,5.25,11.5,2,3.11,2,FALSE,553.3,0,,63.59,0.32,94.35
VT,80,415,Month-to-month,No,No,0,160.6,103,27.3,237,109,20.15,245.1,88,11.03,10.7,1,2.89,1,FALSE,653.4,0,,61.37,0.31,97.77
AZ,75,510,Month-to-month,No,Yes,37,121.5,97,20.66,271.4,110,23.07,248.7,97,11.19,11.3,5,3.05,2,FALSE,652.9,0,,57.97,0.29,103.5
WV,44,510,Two year,No,No,0,228.1,121,38.78,276.5,79,23.5,279.8,77,12.59,9.9,5,2.67,2,TRUE,794.3,0,,77.54,0.39,77.38
OK,101,408,Month-to-month,No,No,0,89.7,118,15.25,260.1,79,22.11,170.1,93,7.65,13.5,11,3.65,5,TRUE,533.4,1,,48.66,0.24,123.3
WI,117,408,Two year,No,Yes,14,80.2,81,13.63,219,103,18.62,122.6,102,5.52,8.6,2,2.32,1,FALSE,430.4,0,,40.09,0.2,149.66
PA,82,408,Month-to-month,No,No,0,125.7,96,21.37,207.6,137,17.65,183.1,103,8.24,12.9,2,3.48,1,FALSE,529.3,0,,50.74,0.25,118.25
NY,39,408,Two year,No,No,0,160.4,68,27.27,102.6,103,8.72,235.3,106,10.59,9.1,5,2.46,2,FALSE,507.4,0,,49.04,0.25,122.35
NM,30,415,Month-to-month,No,No,0,169.9,144,28.88,225.2,118,19.14,169.7,93,7.64,11.4,7,3.08,1,FALSE,576.2,0,,58.74,0.29,102.15
NC,63,415,One year,No,Yes,29,142.3,107,24.19,118.7,56,10.09,240.1,91,10.8,6.6,8,1.78,1,FALSE,507.7,0,,46.86,0.23,128.04
WY,111,415,Month-to-month,No,No,0,146.2,55,24.85,261.5,83,22.23,163.2,116,7.34,8.7,3,2.35,3,FALSE,579.6,0,,56.77,0.28,105.69
PA,91,510,Month-to-month,No,No,0,231.8,120,39.41,150.6,106,12.8,269.2,129,12.11,11.6,7,3.13,3,FALSE,663.2,0,,67.45,0.34,88.95
NV,105,415,Month-to-month,Yes,Yes,29,220.7,82,37.52,217.7,110,18.5,190.5,100,8.57,13.2,6,3.56,1,TRUE,642.1,0,,68.15,0.34,88.04
WA,166,408,Month-to-month,Yes,Yes,35,128.2,138,21.79,274.5,113,23.33,298.9,130,13.45,8.8,7,2.38,2,FALSE,710.4,0,,60.95,0.3,98.44
FL,79,510,Two year,No,No,0,130.2,119,22.13,290.9,121,24.73,194.8,140,8.77,14,6,3.78,3,FALSE,629.9,0,,59.41,0.3,100.99
ME,105,408,Month-to-month,No,Yes,33,209.6,68,35.63,146.9,140,12.49,121,131,5.44,10.6,3,2.86,2,FALSE,488.1,0,,56.42,0.28,106.35
LA,172,415,Two year,No,No,0,215.7,140,36.67,146.3,84,12.44,264.6,83,11.91,7.1,1,1.92,3,FALSE,633.7,0,,62.94,0.31,95.33
KS,121,408,Month-to-month,No,No,0,150.7,105,25.62,197.3,133,16.77,169,116,7.61,9.2,15,2.48,1,FALSE,526.2,0,,52.48,0.26,114.33
ND,88,415,One year,No,No,0,161.5,92,27.46,173.5,108,14.75,206.2,95,9.28,7.9,4,2.13,2,FALSE,549.1,0,,53.62,0.27,111.9
WV,153,408,Month-to-month,No,Yes,28,235.6,74,40.05,227.9,37,19.37,170.3,103,7.66,15.4,9,4.16,0,FALSE,649.2,0,,71.24,0.36,84.22
AR,54,415,Month-to-month,No,Yes,39,206.9,143,35.17,127.8,72,10.86,199.2,120,8.96,9.2,1,2.48,3,FALSE,543.1,0,,57.47,0.29,104.4
CA,79,510,Two year,No,No,0,157.6,85,26.79,194.1,92,16.5,231.5,86,10.42,9.4,10,2.54,5,TRUE,592.6,1,,56.25,0.28,106.67
MN,55,415,Month-to-month,No,No,0,175.6,147,29.85,161.8,118,13.75,289.5,55,13.03,9.3,4,2.51,0,FALSE,636.2,0,,59.14,0.3,101.45
MT,109,408,Month-to-month,No,No,0,264.7,69,45,305,120,25.93,197.4,86,8.88,9.5,9,2.57,1,TRUE,776.6,0,,82.38,0.41,72.83
SD,65,408,Two year,No,Yes,31,282.3,70,47.99,152,89,12.92,225.5,93,10.15,12,4,3.24,1,FALSE,671.8,0,,74.3,0.37,80.75
MT,27,510,Month-to-month,No,No,0,193.8,102,32.95,118.9,104,10.11,135.9,124,6.12,9.2,3,2.48,0,FALSE,457.8,0,,51.66,0.26,116.14
WV,32,408,Two year,No,Yes,26,266.7,109,45.34,232.3,107,19.75,212.8,98,9.58,16.3,4,4.4,1,FALSE,728.1,0,,79.07,0.4,75.88
CT,3,415,Two year,No,Yes,36,118.1,117,20.08,221.5,125,18.83,103.9,89,4.68,11.9,6,3.21,2,FALSE,455.4,0,,46.8,0.23,128.21
DE,119,415,Month-to-month,No,No,0,176.8,90,30.06,224.7,81,19.1,204.6,77,9.21,7.5,15,2.03,1,FALSE,613.6,0,,60.4,0.3,99.34
LA,43,415,Two year,No,No,0,241.9,101,41.12,129.4,121,11,264.8,104,11.92,5.9,3,1.59,1,FALSE,642,0,,65.63,0.33,91.42
KS,116,510,Month-to-month,No,No,0,189.5,90,32.22,189.8,118,16.13,205.8,83,9.26,13.1,2,3.54,1,FALSE,598.2,0,,61.15,0.31,98.12
WV,107,415,Two year,No,No,0,123.1,100,20.93,158.4,82,13.46,256.1,82,11.52,9.3,5,2.51,0,FALSE,546.9,0,,48.42,0.24,123.92
ND,123,408,One year,No,No,0,159.1,94,27.05,241.6,119,20.54,202.4,120,9.11,6.5,1,1.76,1,FALSE,609.6,0,,58.46,0.29,102.63
AK,110,408,Two year,No,No,0,100.1,90,17.02,233.3,93,19.83,204.4,57,9.2,11.1,8,3,3,FALSE,548.9,0,,49.05,0.25,122.32
ME,176,415,Two year,No,No,0,223.2,76,37.94,214.4,131,18.22,154.4,80,6.95,10.1,2,2.73,3,FALSE,602.1,0,,65.84,0.33,91.13
MN,13,510,One year,No,Yes,21,315.6,105,53.65,208.9,71,17.76,260.1,123,11.7,12.1,3,3.27,3,FALSE,796.7,0,,86.38,0.43,69.46
KS,88,415,Month-to-month,No,No,0,189.8,111,32.27,197.3,101,16.77,234.5,111,10.55,14.9,3,4.02,2,FALSE,636.5,0,,63.61,0.32,94.32
NJ,92,510,One year,No,Yes,29,155.4,110,26.42,188.5,104,16.02,254.9,118,11.47,8,4,2.16,3,FALSE,606.8,0,,56.07,0.28,107.01
WI,165,510,Month-to-month,No,No,0,154.2,91,26.21,268.6,108,22.83,188.8,99,8.5,10.9,4,2.94,6,FALSE,622.5,1,,60.48,0.3,99.21
AR,156,415,Month-to-month,No,No,0,178.8,94,30.4,178.4,97,15.16,169.2,77,7.61,7.5,3,2.03,1,FALSE,533.9,0,,55.2,0.28,108.7
WA,63,408,Month-to-month,No,No,0,149.3,104,25.38,273.6,75,23.26,206.6,72,9.3,9.1,4,2.46,0,FALSE,638.6,0,,60.4,0.3,99.34
ID,83,415,One year,Yes,Yes,32,94.7,111,16.1,154.4,98,13.12,200.4,109,9.02,10.6,6,2.86,2,FALSE,460.1,0,,41.1,0.21,145.99
VA,158,415,Two year,No,No,0,222.8,101,37.88,203,128,17.26,210.6,106,9.48,6.9,2,1.86,2,FALSE,643.3,0,,66.48,0.33,90.25
WV,115,510,Month-to-month,Yes,No,0,249.9,95,42.48,242.5,104,20.61,151.7,121,6.83,15.3,6,4.13,1,TRUE,659.4,0,,74.05,0.37,81.03
UT,103,510,Month-to-month,No,Yes,36,87.2,92,14.82,169.3,110,14.39,166.7,80,7.5,10.9,5,2.94,6,TRUE,434.1,1,,39.65,0.2,151.32
NJ,64,415,Month-to-month,No,No,0,224.8,111,38.22,190,101,16.15,221.4,110,9.96,9.2,2,2.48,1,FALSE,645.4,0,,66.81,0.33,89.81
MS,86,510,One year,No,Yes,39,261.2,122,44.4,214.2,101,18.21,154.9,101,6.97,12.7,5,3.43,2,FALSE,643,0,,73.01,0.37,82.18
ME,151,415,Two year,No,Yes,26,196.5,98,33.41,175.8,111,14.94,221.8,124,9.98,13.4,5,3.62,0,FALSE,607.5,0,,61.95,0.31,96.85
NM,87,510,Two year,Yes,No,0,167.3,119,28.44,198.5,119,16.87,133.1,88,5.99,11,6,2.97,1,FALSE,509.9,0,,54.27,0.27,110.56
TX,90,415,Month-to-month,No,No,0,109.6,88,18.63,137.6,108,11.7,159.7,121,7.19,11,5,2.97,2,FALSE,417.9,0,,40.49,0.2,148.18
LA,108,510,Month-to-month,No,Yes,30,276.6,99,47.02,220.1,113,18.71,177.9,95,8.01,9.8,6,2.65,2,FALSE,684.4,0,,76.39,0.38,78.54
TN,33,415,Month-to-month,No,Yes,35,186.8,124,31.76,261,69,22.19,317.8,103,14.3,15,5,4.05,0,FALSE,780.6,0,,72.3,0.36,82.99
WI,149,415,Two year,Yes,Yes,28,126.9,97,21.57,166.9,102,14.19,145.2,77,6.53,8.8,3,2.38,5,TRUE,447.8,1,,44.67,0.22,134.32
MT,106,510,One year,No,No,0,169.4,107,28.8,197.2,71,16.76,202.2,79,9.1,10.7,4,2.89,1,FALSE,579.5,0,,57.55,0.29,104.26
ND,167,408,Two year,Yes,No,0,219.1,100,37.25,242.9,90,20.65,168.9,101,7.6,10.1,4,2.73,2,FALSE,641,0,,68.23,0.34,87.94
WI,35,510,Month-to-month,No,Yes,27,241.7,87,41.09,142,101,12.07,288.9,68,13,9.4,4,2.54,1,FALSE,682,0,,68.7,0.34,87.34
MO,107,415,Two year,No,Yes,22,281.1,83,47.79,143.7,130,12.21,239.4,128,10.77,11.2,9,3.02,1,FALSE,675.4,0,,73.79,0.37,81.31
AZ,92,415,Month-to-month,Yes,Yes,45,281.1,88,47.79,198,103,16.83,94.3,76,4.24,7.5,3,2.03,0,FALSE,580.9,0,,70.89,0.35,84.64
VT,38,415,Month-to-month,No,No,0,137.8,86,23.43,286.3,76,24.34,167,77,7.52,14.1,3,3.81,2,FALSE,605.2,0,,59.1,0.3,101.52
VA,68,408,One year,Yes,No,0,148.5,126,25.25,219.4,125,18.65,198.5,121,8.93,14.5,7,3.92,1,TRUE,580.9,0,,56.75,0.28,105.73
NE,123,510,Month-to-month,No,No,0,194,118,32.98,242,114,20.57,146.3,108,6.58,12.1,4,3.27,1,FALSE,594.4,0,,63.4,0.32,94.64
WA,75,510,Two year,No,Yes,41,130.9,115,22.25,203.4,110,17.29,171.7,68,7.73,12.4,4,3.35,1,FALSE,518.4,0,,50.62,0.25,118.53
NM,153,408,One year,No,No,0,185.3,127,31.5,208,73,17.68,206.1,124,9.27,15.1,3,4.08,1,FALSE,614.5,0,,62.53,0.31,95.95
FL,143,415,One year,No,No,0,119.1,117,20.25,287.7,136,24.45,223,100,10.04,12.2,4,3.29,0,FALSE,642,0,,58.03,0.29,103.39
SC,87,408,Month-to-month,No,No,0,322.5,106,54.83,204.6,93,17.39,186.2,128,8.38,9.4,4,2.54,2,TRUE,722.7,0,,83.14,0.42,72.17
IN,100,510,Month-to-month,No,No,0,216.2,107,36.75,215.6,84,18.33,138.4,127,6.23,10.2,3,2.75,0,FALSE,580.4,0,,64.06,0.32,93.66
FL,144,415,Month-to-month,No,Yes,51,283.9,98,48.26,192,109,16.32,196.3,85,8.83,10,4,2.7,1,FALSE,682.2,0,,76.11,0.38,78.83
ND,70,415,Month-to-month,No,Yes,31,125.9,101,21.4,196.4,102,16.69,252.7,75,11.37,10.3,4,2.78,1,FALSE,585.3,0,,52.24,0.26,114.85
MA,136,408,One year,Yes,No,0,199.6,89,33.93,211.4,96,17.97,72.4,84,3.26,11,4,2.97,3,TRUE,494.4,0,,58.13,0.29,103.22
MO,120,415,Month-to-month,No,Yes,24,212.7,73,36.16,257.5,103,21.89,227.8,119,10.25,9.7,13,2.62,2,FALSE,707.7,0,,70.92,0.35,84.6
WY,104,408,Month-to-month,No,No,0,183.6,133,31.21,120.7,98,10.26,215.1,112,9.68,12.7,2,3.43,1,FALSE,532.1,0,,54.58,0.27,109.93
CA,75,510,Month-to-month,No,Yes,38,163.6,132,27.81,146.7,113,12.47,345.8,115,15.56,13.1,3,3.54,3,FALSE,669.2,0,,59.38,0.3,101.04
NE,127,510,One year,Yes,No,0,180.9,114,30.75,209.5,118,17.81,249.9,105,11.25,7.4,4,2,2,FALSE,647.7,0,,61.81,0.31,97.07
ID,122,510,Month-to-month,No,Yes,33,270.8,96,46.04,220.4,110,18.73,169.9,104,7.65,11.8,8,3.19,4,FALSE,672.9,1,,75.61,0.38,79.35
VT,124,415,Month-to-month,No,No,0,178.4,72,30.33,233.6,134,19.86,179.4,91,8.07,12,2,3.24,0,FALSE,603.4,0,,61.5,0.31,97.56
MO,167,415,Month-to-month,Yes,No,0,244.8,91,41.62,60.8,105,5.17,176.7,110,7.95,10.7,3,2.89,2,FALSE,493,0,,57.63,0.29,104.11
VA,89,415,Month-to-month,No,Yes,32,209.9,113,35.68,249.8,104,21.23,224.2,92,10.09,8.7,7,2.35,1,FALSE,692.6,0,,69.35,0.35,86.52
VT,73,408,One year,No,No,0,213,95,36.21,188.8,104,16.05,136.2,89,6.13,13.5,3,3.65,0,FALSE,551.5,0,,62.04,0.31,96.71
MS,1,415,Month-to-month,No,No,0,144.8,107,24.62,112.5,66,9.56,218.7,79,9.84,13.8,3,3.73,1,FALSE,489.8,0,,47.75,0.24,125.65
KY,60,408,One year,No,No,0,135.4,134,23.02,205.9,85,17.5,204,103,9.18,7.9,4,2.13,1,FALSE,553.2,0,,51.83,0.26,115.76
WV,77,510,Month-to-month,No,No,0,67.7,68,11.51,195.7,86,16.63,236.5,137,10.64,12,2,3.24,1,FALSE,511.9,0,,42.02,0.21,142.79
DC,76,415,Two year,No,No,0,224.4,121,38.15,147.9,97,12.57,183.8,74,8.27,6.7,2,1.81,2,FALSE,562.8,0,,60.8,0.3,98.68
IA,63,510,Two year,No,No,0,153.5,81,26.1,287.3,115,24.42,230.2,85,10.36,6.5,5,1.76,2,FALSE,677.5,0,,62.64,0.31,95.79
MN,150,415,Two year,No,Yes,28,174.4,75,29.65,169.9,80,14.44,201.6,130,9.07,11,4,2.97,1,FALSE,556.9,0,,56.13,0.28,106.89
VT,101,415,Month-to-month,No,No,0,153.8,89,26.15,234,89,19.89,196.3,77,8.83,11.6,2,3.13,4,FALSE,595.7,1,,58,0.29,103.45
AK,132,415,Two year,No,Yes,39,175.7,93,29.87,187.2,94,15.91,225.5,118,10.15,8.6,3,2.32,2,FALSE,597,0,,58.25,0.29,103
CA,158,510,Month-to-month,No,No,0,155.9,123,26.5,224.2,112,19.06,221,116,9.95,8.6,8,2.32,2,FALSE,609.7,0,,57.83,0.29,103.75
MS,114,415,Two year,No,Yes,34,154.4,109,26.25,221.4,142,18.82,208.5,103,9.38,10.3,5,2.78,0,FALSE,594.6,0,,57.23,0.29,104.84
AR,77,415,Month-to-month,No,Yes,23,209.7,73,35.65,183.6,63,15.61,205.5,111,9.25,7.1,3,1.92,2,FALSE,605.9,0,,62.43,0.31,96.11
NJ,107,415,One year,No,No,0,212.1,95,36.06,150.1,88,12.76,219.8,111,9.89,7.7,2,2.08,3,FALSE,589.7,0,,60.79,0.3,98.7
NJ,48,510,Month-to-month,No,Yes,22,152,63,25.84,258.8,131,22,263.2,109,11.84,15.7,5,4.24,2,TRUE,689.7,0,,63.92,0.32,93.87
TN,59,415,Two year,No,No,0,160.9,95,27.35,251.2,65,21.35,273.4,97,12.3,5,5,1.35,3,FALSE,690.5,0,,62.35,0.31,96.23
DE,129,510,Month-to-month,No,No,0,334.3,118,56.83,192.1,104,16.33,191,83,8.59,10.4,6,2.81,0,TRUE,727.8,0,,84.56,0.42,70.96
TX,50,510,Month-to-month,No,No,0,188.9,94,32.11,203.9,104,17.33,151.8,124,6.83,11.6,8,3.13,3,FALSE,556.2,0,,59.4,0.3,101.01
MI,50,415,One year,No,Yes,35,192.6,97,32.74,135.2,101,11.49,216.2,101,9.73,7.9,2,2.13,2,FALSE,551.9,0,,56.09,0.28,106.97
MS,116,415,Two year,No,No,0,217.3,91,36.94,216.1,95,18.37,148.1,76,6.66,11.3,3,3.05,2,FALSE,592.8,0,,65.02,0.33,92.28
OK,52,510,Month-to-month,No,Yes,38,169.3,88,28.78,225.9,97,19.2,172,86,7.74,8.2,3,2.21,0,FALSE,575.4,0,,57.93,0.29,103.57
ND,12,510,Month-to-month,Yes,No,0,216.7,117,36.84,116.5,126,9.9,220,110,9.9,9.8,4,2.65,2,FALSE,563,0,,59.29,0.3,101.2
ND,105,510,One year,No,No,0,246.4,83,41.89,256.2,101,21.78,169,151,7.61,3.8,4,1.03,0,FALSE,675.4,0,,72.31,0.36,82.98
NY,104,415,Month-to-month,No,No,0,156.2,93,26.55,193,54,16.41,222.7,94,10.02,13.1,5,3.54,1,FALSE,585,0,,56.52,0.28,106.16
WV,13,415,Month-to-month,No,No,0,146.4,74,24.89,148.5,92,12.62,216.7,96,9.75,11.3,3,3.05,1,FALSE,522.9,0,,50.31,0.25,119.26
WV,67,408,Two year,No,No,0,167.8,91,28.53,167.7,69,14.25,110.3,71,4.96,8.4,12,2.27,1,FALSE,454.2,0,,50.01,0.25,119.98
DC,148,415,One year,No,Yes,11,252.9,129,42.99,284.3,88,24.17,262.8,99,11.83,12.3,1,3.32,1,FALSE,812.3,0,,82.31,0.41,72.9
MN,116,510,Month-to-month,No,No,0,201.8,82,34.31,231.5,95,19.68,226.1,130,10.17,16.5,5,4.46,0,FALSE,675.9,0,,68.62,0.34,87.44
DE,131,408,Month-to-month,No,No,0,94.4,80,16.05,215.1,101,18.28,179.7,108,8.09,13.1,9,3.54,2,FALSE,502.3,0,,45.96,0.23,130.55
VT,119,510,Two year,No,No,0,190.4,74,32.37,215.6,113,18.33,161.2,111,7.25,10,1,2.7,2,FALSE,577.2,0,,60.65,0.3,98.93
NY,94,510,Two year,Yes,No,0,243.2,109,41.34,147,88,12.5,94.9,99,4.27,7.2,4,1.94,4,FALSE,492.3,1,,60.05,0.3,99.92
TX,217,408,Two year,No,No,0,176.4,115,29.99,158.8,128,13.5,306.6,107,13.8,9.3,3,2.51,4,FALSE,651.1,1,,59.8,0.3,100.33
OR,161,415,Month-to-month,No,No,0,178.1,109,30.28,146.5,86,12.45,137.6,78,6.19,8.5,2,2.3,1,FALSE,470.7,0,,51.22,0.26,117.14
KS,67,408,Month-to-month,No,No,0,201.4,101,34.24,97.6,122,8.3,202.5,119,9.11,7,3,1.89,0,FALSE,508.5,0,,53.54,0.27,112.07
ND,132,415,Two year,No,Yes,31,174.5,101,29.67,245.6,105,20.88,172.8,76,7.78,10.3,9,2.78,1,FALSE,603.2,0,,61.11,0.31,98.18
PA,134,408,One year,No,No,0,205.3,122,34.9,240.5,155,20.44,179.1,107,8.06,5,9,1.35,1,FALSE,629.9,0,,64.75,0.32,92.66
NY,44,510,Month-to-month,No,No,0,143.2,77,24.34,169.8,114,14.43,215.8,77,9.71,7.6,4,2.05,1,FALSE,536.4,0,,50.53,0.25,118.74
WY,53,415,One year,No,Yes,27,25.9,119,4.4,206.5,96,17.55,228.1,64,10.26,6.5,7,1.76,1,FALSE,467,0,,33.97,0.17,176.63
NY,108,415,One year,No,No,0,154.2,123,26.21,112.3,86,9.55,246.4,75,11.09,15.4,4,4.16,4,TRUE,528.3,1,,51.01,0.26,117.62
ME,80,408,One year,No,No,0,322.3,113,54.79,222,95,18.87,162.8,123,7.33,6.7,8,1.81,0,TRUE,713.8,0,,82.8,0.41,72.46
SD,88,415,Month-to-month,No,No,0,215.6,115,36.65,216.2,85,18.38,171.3,65,7.71,11.8,1,3.19,3,FALSE,614.9,0,,65.93,0.33,91.01
UT,82,510,Month-to-month,Yes,No,0,208.8,101,35.5,213.7,87,18.16,175.1,86,7.88,12.4,6,3.35,3,FALSE,610,0,,64.89,0.32,92.46
AK,115,415,Two year,No,No,0,245.2,105,41.68,159,109,13.52,229.9,74,10.35,7.2,8,1.94,0,FALSE,641.3,0,,67.49,0.34,88.9
RI,93,415,Two year,No,No,0,98.4,78,16.73,249.6,129,21.22,248.2,114,11.17,14.2,4,3.83,1,FALSE,610.4,0,,52.95,0.26,113.31
AL,72,415,Month-to-month,No,No,0,217.8,93,37.03,189.7,113,16.12,182.6,91,8.22,10.4,5,2.81,4,FALSE,600.5,1,,64.18,0.32,93.49
DE,98,415,Month-to-month,No,Yes,29,179.9,97,30.58,189.2,89,16.08,164.3,76,7.39,12.8,7,3.46,3,FALSE,546.2,0,,57.51,0.29,104.33
ID,118,415,Two year,No,No,0,140.4,112,23.87,187.1,60,15.9,207.9,155,9.36,7.9,1,2.13,0,FALSE,543.3,0,,51.26,0.26,117.05
MO,55,510,Month-to-month,No,No,0,189,100,32.13,118.5,99,10.07,248.1,87,11.16,17.1,6,4.62,0,FALSE,572.7,0,,57.98,0.29,103.48
IL,130,415,Month-to-month,No,No,0,155.9,95,26.5,256.1,97,21.77,262.9,103,11.83,11.7,3,3.16,3,FALSE,686.6,0,,63.26,0.32,94.85
FL,136,408,Two year,Yes,No,0,199.2,122,33.86,214.7,114,18.25,150.9,105,6.79,11.8,7,3.19,1,FALSE,576.6,0,,62.09,0.31,96.63
KY,107,415,Month-to-month,No,No,0,157.1,79,26.71,162.6,124,13.82,150,138,6.75,12.1,6,3.27,1,FALSE,481.8,0,,50.55,0.25,118.69
MI,91,415,Month-to-month,No,No,0,154.4,165,26.25,168.3,121,14.31,239.9,81,10.8,11.7,4,3.16,5,TRUE,574.3,1,,54.52,0.27,110.05
NY,167,415,Two year,No,No,0,166.4,85,28.29,243.2,135,20.67,229.2,95,10.31,9.9,5,2.67,1,FALSE,648.7,0,,61.94,0.31,96.87
KS,159,415,Two year,No,Yes,19,184.1,78,31.3,194.5,71,16.53,225.6,101,10.15,16.9,3,4.56,0,FALSE,621.1,0,,62.54,0.31,95.94
PA,122,415,Two year,No,No,0,35.1,62,5.97,180.8,89,15.37,251.6,58,11.32,12.7,2,3.43,1,FALSE,480.2,0,,36.09,0.18,166.25
MI,105,415,One year,No,Yes,29,179.4,113,30.5,275.4,100,23.41,246.1,105,11.07,10,5,2.7,0,FALSE,710.9,0,,67.68,0.34,88.65
NH,155,408,Month-to-month,No,No,0,216.7,30,36.84,144.3,125,12.27,135.3,106,6.09,10.8,1,2.92,2,FALSE,507.1,0,,58.12,0.29,103.23
WA,161,415,Month-to-month,No,No,0,151.6,117,25.77,219.4,87,18.65,224.7,68,10.11,4,5,1.08,1,FALSE,599.7,0,,55.61,0.28,107.89
NY,122,415,Month-to-month,No,No,0,173.6,110,29.51,91.7,84,7.79,211.7,103,9.53,9.7,7,2.62,3,FALSE,486.7,0,,49.45,0.25,121.33
MD,37,415,One year,Yes,No,0,106.6,76,18.12,147.4,89,12.53,235.8,113,10.61,9.6,8,2.59,2,FALSE,499.4,0,,43.85,0.22,136.83
KS,128,415,Month-to-month,No,No,0,103.3,122,17.56,245.9,123,20.9,161.1,95,7.25,6.4,7,1.73,0,FALSE,516.7,0,,47.44,0.24,126.48
DE,89,510,Month-to-month,Yes,No,0,125.6,108,21.35,213,90,18.11,181.7,108,8.18,5.4,5,1.46,1,FALSE,525.7,0,,49.1,0.25,122.2
IN,108,415,One year,No,No,0,199.3,104,33.88,224.2,92,19.06,140.1,57,6.3,15.2,2,4.1,0,FALSE,578.8,0,,63.34,0.32,94.73
VT,109,408,One year,No,No,0,222.2,113,37.77,218.5,122,18.57,266,88,11.97,10.9,5,2.94,1,FALSE,717.6,0,,71.25,0.36,84.21
WA,29,415,Month-to-month,No,No,0,157.4,122,26.76,145,75,12.33,281.8,92,12.68,9.3,2,2.51,1,FALSE,593.5,0,,54.28,0.27,110.54
NM,119,415,Month-to-month,Yes,Yes,15,160,95,27.2,209.5,110,17.81,82.3,107,3.7,8.7,5,2.35,5,TRUE,460.5,1,,51.06,0.26,117.51
MO,86,415,One year,No,No,0,83.5,96,14.2,221.1,63,18.79,349.7,75,15.74,12.6,3,3.4,0,FALSE,666.9,0,,52.13,0.26,115.1
IA,92,510,Month-to-month,No,Yes,25,134,112,22.78,206,111,17.51,180.6,118,8.13,9.7,4,2.62,0,FALSE,530.3,0,,51.04,0.26,117.55
WA,13,510,Two year,No,Yes,25,176.6,65,30.02,172.7,96,14.68,104.5,128,4.7,11.3,5,3.05,2,FALSE,465.1,0,,52.45,0.26,114.39
CT,144,510,Two year,Yes,Yes,35,174.8,127,29.72,219.6,93,18.67,255.8,90,11.51,12.8,3,3.46,0,FALSE,663,0,,63.36,0.32,94.7
NH,139,510,One year,No,No,0,221.3,140,37.62,157.8,89,13.41,192.5,89,8.66,11.3,6,3.05,1,FALSE,582.9,0,,62.74,0.31,95.63
LA,95,415,Month-to-month,No,No,0,141.1,84,23.99,211.4,108,17.97,103.7,127,4.67,5.9,6,1.59,3,FALSE,462.1,0,,48.22,0.24,124.43
ME,80,408,Month-to-month,No,Yes,31,166.4,92,28.29,238.3,74,20.26,150.7,84,6.78,10.7,4,2.89,4,FALSE,566.1,1,,58.22,0.29,103.06
MT,113,415,Month-to-month,No,No,0,215.9,93,36.7,240.1,85,20.41,156.7,123,7.05,4.9,5,1.32,3,FALSE,617.6,0,,65.48,0.33,91.63
ID,88,415,Month-to-month,No,Yes,31,181.6,91,30.87,213.2,120,18.12,207.8,104,9.35,11.4,4,3.08,1,FALSE,614,0,,61.42,0.31,97.69
UT,74,415,Month-to-month,No,No,0,106.4,84,18.09,140.2,104,11.92,90.9,81,4.09,11.4,3,3.08,1,FALSE,348.9,0,,37.18,0.19,161.38
IL,48,510,Two year,No,No,0,128.2,71,21.79,48.1,78,4.09,116.3,80,5.23,8.9,3,2.4,0,FALSE,301.5,0,,33.51,0.17,179.05
AZ,163,510,One year,No,No,0,178.7,56,30.38,215.7,79,18.33,152.7,84,6.87,10.6,2,2.86,4,FALSE,557.7,1,,58.44,0.29,102.67
ID,56,510,Two year,No,No,0,150.9,79,25.65,161.8,87,13.75,167.7,115,7.55,11.7,5,3.16,3,FALSE,492.1,0,,50.11,0.25,119.74
TX,64,415,Two year,No,No,0,168,116,28.56,192.4,94,16.35,166.5,98,7.49,10.1,3,2.73,2,FALSE,537,0,,55.13,0.28,108.83
MT,116,415,Month-to-month,No,Yes,35,182.8,122,31.08,212.7,119,18.08,193.8,103,8.72,11,2,2.97,1,FALSE,600.3,0,,60.85,0.3,98.6
PA,101,415,Two year,Yes,No,0,193.7,108,32.93,186.6,98,15.86,223,100,10.04,11.6,8,3.13,0,FALSE,614.9,0,,61.96,0.31,96.84
RI,85,415,Two year,Yes,No,0,197.2,97,33.52,211.7,115,17.99,210.1,133,9.45,8.3,4,2.24,4,FALSE,627.3,1,,63.2,0.32,94.94
NH,90,415,Month-to-month,No,No,0,76.1,121,12.94,290.3,73,24.68,236.9,89,10.66,10.8,3,2.92,0,FALSE,614.1,0,,51.2,0.26,117.19
UT,73,415,Two year,No,No,0,182.3,115,30.99,199.2,97,16.93,120.2,113,5.41,18,5,4.86,1,FALSE,519.7,0,,58.19,0.29,103.11
NH,55,408,Month-to-month,No,Yes,20,189.3,95,32.18,118.6,113,10.08,250.2,102,11.26,12.5,4,3.38,2,FALSE,570.6,0,,56.9,0.28,105.45
AK,76,415,Month-to-month,No,Yes,22,160.1,107,27.22,168.7,136,14.34,23.2,102,1.04,9.5,4,2.57,3,FALSE,361.5,0,,45.17,0.23,132.83
AZ,157,415,Month-to-month,No,No,0,220.7,105,37.52,119.3,127,10.14,165.1,113,7.43,11.5,7,3.11,4,FALSE,516.6,1,,58.2,0.29,103.09
NJ,131,415,Month-to-month,No,No,0,211.8,115,36.01,260.5,102,22.14,144.2,96,6.49,10.8,7,2.92,0,FALSE,627.3,0,,67.56,0.34,88.81
MI,51,415,Month-to-month,No,No,0,229.7,129,39.05,336,104,28.56,192.8,128,8.68,9.6,1,2.59,1,TRUE,768.1,0,,78.88,0.39,76.06
ID,166,415,Month-to-month,No,No,0,220.7,106,37.52,177.8,118,15.11,206.1,102,9.27,12.4,9,3.35,1,FALSE,617,0,,65.25,0.33,91.95
OR,66,408,Month-to-month,No,No,0,87.6,76,14.89,262,111,22.27,184.6,125,8.31,9.2,5,2.48,1,FALSE,543.4,0,,47.95,0.24,125.13
UT,49,415,Month-to-month,No,No,0,266.3,90,45.27,207.8,117,17.66,205,98,9.23,14,2,3.78,2,TRUE,693.1,0,,75.94,0.38,79.01
LA,89,415,Month-to-month,No,No,0,141.1,92,23.99,249.1,126,21.17,136,73,6.12,10.8,2,2.92,2,FALSE,537,0,,54.2,0.27,110.7
WI,90,415,Month-to-month,No,No,0,200.9,92,34.15,164.3,91,13.97,249,98,11.21,8.9,7,2.4,1,FALSE,623.1,0,,61.73,0.31,97.2
ID,193,415,Month-to-month,No,No,0,96.8,92,16.46,142.6,103,12.12,210.1,115,9.45,10.9,5,2.94,2,TRUE,460.4,0,,40.97,0.2,146.45
TN,114,510,Month-to-month,No,No,0,172,145,29.24,276.4,101,23.49,193.7,100,8.72,10.1,9,2.73,1,FALSE,652.2,0,,64.18,0.32,93.49
NV,7,408,Month-to-month,No,Yes,30,221.4,114,37.64,165.8,116,14.09,247,105,11.12,10.8,12,2.92,1,FALSE,645,0,,65.77,0.33,91.23
WY,71,415,One year,No,No,0,243.7,124,41.43,60,90,5.1,189,129,8.5,11.3,2,3.05,0,FALSE,504,0,,58.08,0.29,103.31
IL,31,415,Month-to-month,No,Yes,28,210.5,101,35.79,250.5,86,21.29,241.6,125,10.87,11.5,2,3.11,1,FALSE,714.1,0,,71.06,0.36,84.44
MA,111,415,Month-to-month,No,No,0,284.4,89,48.35,157,113,13.35,242.8,91,10.93,8.4,8,2.27,0,TRUE,692.6,0,,74.9,0.37,80.11
AZ,97,408,Month-to-month,No,No,0,169.7,84,28.85,165.9,86,14.1,191.9,83,8.64,12.8,6,3.46,3,FALSE,540.3,0,,55.05,0.28,108.99
ND,51,510,Month-to-month,No,No,0,227.2,89,38.62,194.4,106,16.52,243.4,126,10.95,14.9,2,4.02,0,FALSE,679.9,0,,70.11,0.35,85.58
SD,86,415,Month-to-month,No,No,0,223.9,75,38.06,155.7,109,13.23,150.2,143,6.76,7.3,9,1.97,1,FALSE,537.1,0,,60.02,0.3,99.97
ND,190,415,One year,No,No,0,169.4,102,28.8,253.5,113,21.55,197.1,93,8.87,8.9,5,2.4,1,FALSE,628.9,0,,61.62,0.31,97.37
CT,80,408,One year,No,No,0,118.1,90,20.08,144.3,77,12.27,225.1,86,10.13,8.2,6,2.21,1,FALSE,495.7,0,,44.69,0.22,134.26
MO,36,415,Month-to-month,No,No,0,202.4,115,34.41,230.7,115,19.61,202,127,9.09,10.2,2,2.75,3,FALSE,645.3,0,,65.86,0.33,91.1
NJ,45,510,Month-to-month,No,No,0,155.7,110,26.47,260.3,103,22.13,192.2,98,8.65,11,1,2.97,1,FALSE,619.2,0,,60.22,0.3,99.63
NC,170,415,Month-to-month,No,No,0,246.4,107,41.89,228.1,124,19.39,166.4,95,7.49,9.1,8,2.46,0,FALSE,650,0,,71.23,0.36,84.23
UT,103,415,Two year,No,No,0,189.8,110,32.27,115.5,83,9.82,191.3,103,8.61,12.2,4,3.29,0,FALSE,508.8,0,,53.99,0.27,111.13
WI,112,408,Month-to-month,No,No,0,167.8,88,28.53,247.9,81,21.07,155.1,108,6.98,11.9,4,3.21,0,FALSE,582.7,0,,59.79,0.3,100.35
MT,125,510,Month-to-month,No,No,0,143.2,80,24.34,88.1,94,7.49,233.2,135,10.49,8.8,7,2.38,4,TRUE,473.3,1,,44.7,0.22,134.23
MS,73,415,Month-to-month,No,Yes,31,82.3,105,13.99,256.1,91,21.77,229.6,98,10.33,11.8,2,3.19,6,TRUE,579.8,1,,49.28,0.25,121.75
NM,232,408,One year,No,No,0,165.6,104,28.15,195.9,115,16.65,118.3,77,5.32,11.8,3,3.19,1,FALSE,491.6,0,,53.31,0.27,112.55
SD,95,408,Month-to-month,No,Yes,20,165.7,78,28.17,215.6,94,18.33,243.3,91,10.95,9.8,6,2.65,0,FALSE,634.4,0,,60.1,0.3,99.83
VA,182,415,Month-to-month,No,No,0,176.1,90,29.94,174.9,106,14.87,234.7,134,10.56,9.7,4,2.62,1,FALSE,595.4,0,,57.99,0.29,103.47
NM,55,510,Two year,No,No,0,119.7,148,20.35,231.8,96,19.7,222.3,113,10,4.6,2,1.24,2,FALSE,578.4,0,,51.29,0.26,116.98
VA,86,415,Month-to-month,No,Yes,30,99.9,84,16.98,263.5,125,22.4,254.7,90,11.46,9.8,7,2.65,2,FALSE,627.9,0,,53.49,0.27,112.17
NJ,127,510,Two year,No,No,0,239.8,107,40.77,128.9,121,10.96,249.9,110,11.25,11.3,5,3.05,1,FALSE,629.9,0,,66.03,0.33,90.87
TN,63,415,Month-to-month,No,No,0,164.5,75,27.97,147.9,118,12.57,252.7,97,11.37,11.2,2,3.02,0,FALSE,576.3,0,,54.93,0.27,109.23
MI,79,510,Two year,No,No,0,220.9,107,37.55,192.2,97,16.34,161,74,7.25,12.2,2,3.29,1,FALSE,586.3,0,,64.43,0.32,93.12
LA,111,415,Month-to-month,No,Yes,28,128.8,104,21.9,157.3,52,13.37,147.4,76,6.63,10.3,2,2.78,2,FALSE,443.8,0,,44.68,0.22,134.29
NH,121,510,One year,No,Yes,35,193.8,62,32.95,197.6,97,16.8,218.8,95,9.85,5.9,4,1.59,0,FALSE,616.1,0,,61.19,0.31,98.06
RI,112,415,Month-to-month,No,No,0,168.6,102,28.66,298,117,25.33,194.7,110,8.76,9.8,5,2.65,1,FALSE,671.1,0,,65.4,0.33,91.74
LA,81,415,Month-to-month,No,Yes,36,115.9,120,19.7,236.6,95,20.11,255,90,11.48,11.7,6,3.16,3,FALSE,619.2,0,,54.45,0.27,110.19
AZ,72,510,Two year,No,No,0,272.4,88,46.31,107.9,125,9.17,185.5,81,8.35,12.7,2,3.43,0,FALSE,578.5,0,,67.26,0.34,89.21
SC,64,510,Month-to-month,No,Yes,40,210,116,35.7,232.7,89,19.78,168.8,94,7.6,5.9,4,1.59,8,FALSE,617.4,1,,64.67,0.32,92.78
MD,163,408,Month-to-month,No,No,0,223,120,37.91,227,98,19.3,188.3,125,8.47,8.8,5,2.38,1,FALSE,647.1,0,,68.06,0.34,88.16
WA,104,415,One year,No,No,0,139.7,78,23.75,202.6,119,17.22,203.6,102,9.16,11.3,5,3.05,2,FALSE,557.2,0,,53.18,0.27,112.82
CA,93,510,Two year,No,Yes,19,136.8,113,23.26,179.5,105,15.26,71.1,95,3.2,12.5,3,3.38,2,FALSE,399.9,0,,45.1,0.23,133.04
NJ,197,510,One year,No,No,0,154.8,111,26.32,171.5,102,14.58,227.3,86,10.23,10.6,2,2.86,3,FALSE,564.2,0,,53.99,0.27,111.13
AR,57,510,Month-to-month,No,No,0,192.8,68,32.78,158,86,13.43,235.5,105,10.6,12.7,6,3.43,1,FALSE,599,0,,60.24,0.3,99.6
CT,107,408,Month-to-month,No,No,0,103.4,94,17.58,189.3,125,16.09,227.2,125,10.22,14.4,3,3.89,1,FALSE,534.3,0,,47.78,0.24,125.58
SD,75,408,One year,No,No,0,147.5,110,25.08,191.7,97,16.29,135,68,6.08,16.4,3,4.43,2,FALSE,490.6,0,,51.88,0.26,115.65
FL,106,408,Two year,No,No,0,178.4,143,30.33,247,123,21,259.9,105,11.7,9.6,2,2.59,0,FALSE,694.9,0,,65.62,0.33,91.44
MS,70,408,Month-to-month,No,No,0,148.4,110,25.23,267.1,90,22.7,151.5,101,6.82,8.9,4,2.4,0,FALSE,575.9,0,,57.15,0.29,104.99
MA,80,408,One year,No,No,0,148.6,106,25.26,210.8,65,17.92,203.7,86,9.17,10,2,2.7,2,FALSE,573.1,0,,55.05,0.28,108.99
VT,137,510,Two year,No,No,0,97.5,95,16.58,195.8,82,16.64,288.8,78,13,0,0,0,1,FALSE,582.1,0,,46.22,0.23,129.81
IL,90,415,Month-to-month,No,Yes,29,185.6,106,31.55,219.7,113,18.67,152.1,120,6.84,11.1,5,3,2,FALSE,568.5,0,,60.06,0.3,99.9
CT,30,408,Month-to-month,No,No,0,137.6,108,23.39,162,80,13.77,187.7,126,8.45,5.8,10,1.57,3,FALSE,493.1,0,,47.18,0.24,127.17
KS,105,415,Month-to-month,Yes,No,0,273.9,119,46.56,278.6,103,23.68,255.3,90,11.49,10.9,7,2.94,1,TRUE,818.7,0,,84.67,0.42,70.86
MA,102,415,Month-to-month,No,Yes,31,125.3,92,21.3,141.2,108,12,168.2,68,7.57,6.3,2,1.7,3,FALSE,441,0,,42.57,0.21,140.94
NJ,83,415,Month-to-month,No,No,0,178.8,102,30.4,167.9,84,14.27,178.9,65,8.05,8.6,4,2.32,3,FALSE,534.2,0,,55.04,0.28,109.01
AR,63,510,Two year,No,Yes,49,214.9,86,36.53,198.2,89,16.85,170.8,139,7.69,8.2,5,2.21,0,FALSE,592.1,0,,63.28,0.32,94.82
MS,155,408,One year,No,No,0,163,93,27.71,203.9,102,17.33,159,109,7.15,15.1,4,4.08,2,FALSE,541,0,,56.27,0.28,106.63
ME,105,408,One year,No,No,0,115.5,73,19.64,267.3,83,22.72,114.2,90,5.14,13.3,5,3.59,3,FALSE,510.3,0,,51.09,0.26,117.44
IA,73,415,Month-to-month,No,No,0,137.1,102,23.31,210.8,114,17.92,191.4,120,8.61,11.1,4,3,1,FALSE,550.4,0,,52.84,0.26,113.55
NM,21,415,Month-to-month,No,Yes,19,132.7,94,22.56,204.6,101,17.39,154.7,78,6.96,12.9,7,3.48,3,FALSE,504.9,0,,50.39,0.25,119.07
TX,71,415,One year,No,Yes,39,183.2,103,31.14,209.4,111,17.8,172.4,109,7.76,11.9,6,3.21,1,FALSE,576.9,0,,59.91,0.3,100.15
KY,112,415,Two year,No,No,0,170.5,113,28.99,193.2,129,16.42,188,91,8.46,11.2,6,3.02,0,FALSE,562.9,0,,56.89,0.28,105.47
AZ,66,510,Two year,No,No,0,154,133,26.18,198.9,121,16.91,151.9,100,6.84,9.5,3,2.57,4,TRUE,514.3,1,,52.5,0.26,114.29
TN,99,408,Month-to-month,No,No,0,54.8,92,9.32,173,103,14.71,195.1,125,8.78,7.5,3,2.03,1,FALSE,430.4,0,,34.84,0.17,172.22
WV,124,510,Month-to-month,No,No,0,184.8,74,31.42,175.1,84,14.88,158.2,95,7.12,10.5,6,2.84,1,FALSE,528.6,0,,56.26,0.28,106.65
CT,95,415,Month-to-month,No,Yes,36,283.1,112,48.13,286.2,86,24.33,261.7,129,11.78,11.3,3,3.05,3,FALSE,842.3,0,,87.29,0.44,68.74
NH,130,408,Two year,No,No,0,68.4,86,11.63,193.3,110,16.43,171.5,139,7.72,10.4,4,2.81,0,FALSE,443.6,0,,38.59,0.19,155.48
MD,93,510,Month-to-month,Yes,No,0,131.4,78,22.34,219.7,106,18.67,155.7,103,7.01,11.1,2,3,1,TRUE,517.9,0,,51.02,0.26,117.6
WV,191,408,One year,No,No,0,162,104,27.54,241.2,120,20.5,210.4,83,9.47,10.9,7,2.94,1,FALSE,624.5,0,,60.45,0.3,99.26
KY,88,415,One year,No,No,0,148.2,82,25.19,308.7,67,26.24,235.4,79,10.59,6.4,4,1.73,2,FALSE,698.7,0,,63.75,0.32,94.12
WY,16,415,Month-to-month,No,No,0,174.7,83,29.7,280.8,122,23.87,171.7,80,7.73,10.5,8,2.84,5,FALSE,637.7,1,,64.14,0.32,93.55
GA,107,510,Month-to-month,No,No,0,194.5,97,33.07,186.3,131,15.84,178.3,106,8.02,12.7,1,3.43,2,FALSE,571.8,0,,60.36,0.3,99.4
AK,96,408,Two year,No,Yes,29,150,91,25.5,159.4,75,13.55,228.1,55,10.26,8.5,3,2.3,1,FALSE,546,0,,51.61,0.26,116.26
CT,163,408,Month-to-month,No,Yes,40,231.9,56,39.42,211.8,91,18,268.5,74,12.08,12.3,3,3.32,2,FALSE,724.5,0,,72.82,0.36,82.39
OR,95,415,One year,No,No,0,269,120,45.73,233.7,120,19.86,179.3,61,8.07,7.3,4,1.97,2,TRUE,689.3,0,,75.63,0.38,79.33
OK,123,415,Two year,No,Yes,27,198.7,127,33.78,249,105,21.17,173.2,124,7.79,12.5,5,3.38,1,FALSE,633.4,0,,66.12,0.33,90.74
MA,34,415,One year,No,No,0,293.7,89,49.93,272.5,71,23.16,178.2,76,8.02,11,10,2.97,2,TRUE,755.4,0,,84.08,0.42,71.36
DE,96,415,Month-to-month,No,Yes,26,175.8,96,29.89,206.6,84,17.56,178,105,8.01,11.1,2,3,2,FALSE,571.5,0,,58.46,0.29,102.63
OH,146,415,Month-to-month,No,No,0,169.5,93,28.82,230.9,71,19.63,269.8,115,12.14,9,7,2.43,2,FALSE,679.2,0,,63.02,0.32,95.21
ID,138,415,Month-to-month,Yes,Yes,17,225.2,116,38.28,173.4,88,14.74,145.8,99,6.56,11.7,4,3.16,0,FALSE,556.1,0,,62.74,0.31,95.63
MO,76,510,Month-to-month,No,No,0,129.7,84,22.05,177.5,80,15.09,228.9,87,10.3,7.5,3,2.03,5,TRUE,543.6,1,,49.47,0.25,121.29
NC,83,510,Month-to-month,No,Yes,36,95.9,87,16.3,261.6,105,22.24,228.6,109,10.29,13.3,4,3.59,0,FALSE,599.4,0,,52.42,0.26,114.46
HI,104,408,Two year,No,No,0,170.6,97,29,162.1,111,13.78,210.7,131,9.48,6.1,1,1.65,1,FALSE,549.5,0,,53.91,0.27,111.3
NJ,106,415,Month-to-month,No,No,0,191.4,124,32.54,200.7,116,17.06,230.1,76,10.35,8.2,3,2.21,1,FALSE,630.4,0,,62.16,0.31,96.53
MS,84,510,One year,No,No,0,75.3,96,12.8,179.9,113,15.29,193.8,134,8.72,12.3,1,3.32,1,FALSE,461.3,0,,40.13,0.2,149.51
MN,99,408,Month-to-month,No,No,0,128.8,86,21.9,203.9,105,17.33,282.6,131,12.72,14.1,4,3.81,2,FALSE,629.4,0,,55.76,0.28,107.6
RI,134,415,Two year,No,No,0,141.7,95,24.09,205.6,101,17.48,218.5,60,9.83,8.8,6,2.38,0,FALSE,574.6,0,,53.78,0.27,111.57
NJ,80,415,One year,No,No,0,268.7,120,45.68,301,147,25.59,167,140,7.52,5.8,1,1.57,2,TRUE,742.5,0,,80.36,0.4,74.66
MN,85,415,Two year,No,No,0,255.3,114,43.4,194.6,83,16.54,276.6,78,12.45,3.7,5,1,3,FALSE,730.2,0,,73.39,0.37,81.76
WI,120,408,Month-to-month,No,Yes,26,239.4,94,40.7,259.4,88,22.05,238,132,10.71,7.7,3,2.08,0,FALSE,744.5,0,,75.54,0.38,79.43
KS,120,510,Month-to-month,No,No,0,158,110,26.86,197,103,16.75,154.9,132,6.97,10,5,2.7,1,FALSE,519.9,0,,53.28,0.27,112.61
NJ,125,415,Month-to-month,No,No,0,182.3,64,30.99,139.8,121,11.88,171.6,96,7.72,11.6,7,3.13,2,FALSE,505.3,0,,53.72,0.27,111.69
ND,118,415,Month-to-month,No,Yes,39,91.5,125,15.56,219.9,113,18.69,229,99,10.31,12.7,8,3.43,2,FALSE,553.1,0,,47.99,0.24,125.03
WY,62,415,One year,No,No,0,172.4,132,29.31,230.5,100,19.59,228.2,109,10.27,11,5,2.97,0,FALSE,642.1,0,,62.14,0.31,96.56
LA,112,510,Two year,No,No,0,174.5,127,29.67,259.3,71,22.04,170.5,120,7.67,11.3,7,3.05,1,FALSE,615.6,0,,62.43,0.31,96.11
AL,68,510,One year,No,No,0,157.3,83,26.74,220.9,85,18.78,218.9,129,9.85,12,7,3.24,1,FALSE,609.1,0,,58.61,0.29,102.37
TX,201,415,Month-to-month,No,Yes,21,192,97,32.64,239.1,81,20.32,116.1,125,5.22,15.1,3,4.08,1,FALSE,562.3,0,,62.26,0.31,96.37
AR,116,510,Two year,No,No,0,160.7,69,27.32,146.8,106,12.48,287.8,144,12.95,8.2,5,2.21,0,FALSE,603.5,0,,54.96,0.27,109.17
GA,133,510,One year,No,No,0,227.4,90,38.66,73.2,135,6.22,114.3,99,5.14,4.7,7,1.27,0,FALSE,419.6,0,,51.29,0.26,116.98
KY,125,408,Month-to-month,No,No,0,191.6,115,32.57,205.6,108,17.48,210.2,123,9.46,9.2,3,2.48,2,FALSE,616.6,0,,61.99,0.31,96.79
NE,21,510,One year,No,No,0,225,110,38.25,244.2,111,20.76,221.2,93,9.95,10.7,4,2.89,0,FALSE,701.1,0,,71.85,0.36,83.51
ND,110,408,Month-to-month,No,No,0,196.1,103,33.34,199.7,123,16.97,135.9,71,6.12,12.9,1,3.48,3,FALSE,544.6,0,,59.91,0.3,100.15
NH,83,415,Month-to-month,No,No,0,231.3,100,39.32,210.4,84,17.88,217.4,106,9.78,12.4,2,3.35,3,FALSE,671.5,0,,70.33,0.35,85.31
IN,101,415,Two year,No,Yes,42,209.2,82,35.56,159.7,74,13.57,181.6,100,8.17,9.5,3,2.57,0,FALSE,560,0,,59.87,0.3,100.22
OR,117,415,One year,No,Yes,17,221.3,82,37.62,167.6,100,14.25,262.7,87,11.82,4.4,4,1.19,0,FALSE,656,0,,64.88,0.32,92.48
OH,127,408,One year,No,No,0,139.6,94,23.73,240.9,112,20.48,127.1,88,5.72,8.8,4,2.38,2,FALSE,516.4,0,,52.31,0.26,114.7
KS,138,510,Month-to-month,No,Yes,26,183.9,83,31.26,240.7,93,20.46,185.7,125,8.36,15,3,4.05,1,FALSE,625.3,0,,64.13,0.32,93.56
TX,120,415,Two year,No,No,0,203.3,108,34.56,259.9,66,22.09,115.9,103,5.22,7.8,2,2.11,3,FALSE,586.9,0,,63.98,0.32,93.78
DC,141,415,Month-to-month,No,Yes,37,185.4,87,31.52,178.5,128,15.17,218.3,107,9.82,8,3,2.16,4,FALSE,590.2,1,,58.67,0.29,102.27
OR,87,510,Two year,No,Yes,22,240.8,102,40.94,75.9,106,6.45,224.6,115,10.11,7.1,3,1.92,2,FALSE,548.4,0,,59.42,0.3,100.98
WA,97,408,Month-to-month,No,No,0,276.1,82,46.94,201.1,106,17.09,231.3,73,10.41,8.9,4,2.4,0,TRUE,717.4,0,,76.84,0.38,78.08
NC,162,408,Month-to-month,No,Yes,26,179.7,144,30.55,218.1,129,18.54,212.3,105,9.55,9.3,8,2.51,1,TRUE,619.4,0,,61.15,0.31,98.12
TX,119,510,One year,No,No,0,81.9,75,13.92,253.8,114,21.57,213.1,125,9.59,8.9,1,2.4,2,TRUE,557.7,0,,47.48,0.24,126.37
WI,107,510,Month-to-month,No,Yes,25,248.6,91,42.26,119.3,115,10.14,194.3,83,8.74,12,1,3.24,1,FALSE,574.2,0,,64.38,0.32,93.2
SC,140,510,Month-to-month,No,Yes,28,157.1,77,26.71,172.4,97,14.65,184.5,94,8.3,11.1,9,3,1,FALSE,525.1,0,,52.66,0.26,113.94
SD,91,415,Month-to-month,No,No,0,153,123,26.01,141.1,127,11.99,171.5,76,7.72,10.3,15,2.78,1,TRUE,475.9,0,,48.5,0.24,123.71
OH,135,415,Month-to-month,No,No,0,218.8,123,37.2,242.8,64,20.64,85.8,80,3.86,10.3,3,2.78,4,FALSE,557.7,1,,64.48,0.32,93.05
HI,86,408,Month-to-month,No,Yes,21,197.9,99,33.64,165.6,100,14.08,208,120,9.36,10.1,9,2.73,0,FALSE,581.6,0,,59.81,0.3,100.32
KY,131,415,Month-to-month,No,No,0,166.5,129,28.31,210.2,107,17.87,257.2,93,11.57,9.9,5,2.67,1,FALSE,643.8,0,,60.42,0.3,99.3
OH,86,415,Month-to-month,No,Yes,29,225.4,79,38.32,187.1,112,15.9,281.1,112,12.65,12.9,3,3.48,1,FALSE,706.5,0,,70.35,0.35,85.29
AL,85,415,Two year,No,No,0,210.3,66,35.75,195.8,76,16.64,221.6,82,9.97,11.2,7,3.02,1,FALSE,638.9,0,,65.38,0.33,91.77
VT,195,415,Month-to-month,No,Yes,36,231.7,110,39.39,225.1,88,19.13,201.7,89,9.08,12.1,2,3.27,0,FALSE,670.6,0,,70.87,0.35,84.66
ND,177,408,Month-to-month,No,No,0,189.5,99,32.22,176.3,117,14.99,225.9,112,10.17,14.2,2,3.83,1,FALSE,605.9,0,,61.21,0.31,98.02
WA,100,408,Month-to-month,No,No,0,70.8,94,12.04,215.6,102,18.33,230.8,125,10.39,9.5,1,2.57,6,TRUE,526.7,1,,43.33,0.22,138.47
CT,124,415,One year,No,No,0,131.8,82,22.41,284.3,119,24.17,305.5,101,13.75,11.3,2,3.05,1,FALSE,732.9,0,,63.38,0.32,94.67
DE,81,510,One year,Yes,No,0,250.6,85,42.6,187.9,50,15.97,120.3,131,5.41,7.8,5,2.11,1,FALSE,566.6,0,,66.09,0.33,90.79
HI,105,415,One year,No,No,0,281.3,124,47.82,301.5,96,25.63,202.8,109,9.13,8.7,3,2.35,0,TRUE,794.3,0,,84.93,0.42,70.65
MI,126,415,Month-to-month,Yes,Yes,26,129.3,123,21.98,176.5,114,15,154.5,102,6.95,9.6,7,2.59,1,FALSE,469.9,0,,46.52,0.23,128.98
ND,71,510,One year,No,No,0,238,82,40.46,278.5,94,23.67,193.1,134,8.69,11.8,10,3.19,0,TRUE,721.4,0,,76.01,0.38,78.94
NE,139,415,Two year,No,No,0,211.1,103,35.89,206.9,108,17.59,193.9,70,8.73,5.6,4,1.51,0,FALSE,617.5,0,,63.72,0.32,94.16
NE,77,415,Two year,No,No,0,169.4,102,28.8,184.9,144,15.72,234.3,89,10.54,2,7,0.54,1,FALSE,590.6,0,,55.6,0.28,107.91
KY,72,408,One year,No,No,0,177.1,97,30.11,184.7,105,15.7,174.1,94,7.83,8,6,2.16,1,FALSE,543.9,0,,55.8,0.28,107.53
KS,74,415,Month-to-month,No,Yes,32,174.6,107,29.68,310.6,115,26.4,234.7,92,10.56,9,4,2.43,1,FALSE,728.9,0,,69.07,0.35,86.87
ND,124,415,Month-to-month,No,No,0,150.3,101,25.55,255.9,112,21.75,136.7,62,6.15,12.5,4,3.38,2,FALSE,555.4,0,,56.83,0.28,105.58
KY,113,408,Month-to-month,No,Yes,20,157.8,83,26.83,161.5,56,13.73,271.5,100,12.22,8.7,2,2.35,5,TRUE,599.5,1,,55.13,0.28,108.83
ME,66,510,Month-to-month,No,No,0,118,133,20.06,248.1,99,21.09,214.4,122,9.65,5.3,5,1.43,1,FALSE,585.8,0,,52.23,0.26,114.88
MT,124,415,One year,No,Yes,30,144.5,35,24.57,262.3,101,22.3,226.5,82,10.19,12,7,3.24,2,FALSE,645.3,0,,60.3,0.3,99.5
IL,134,408,Month-to-month,No,No,0,183.8,111,31.25,123.5,92,10.5,160.7,105,7.23,6.1,2,1.65,1,FALSE,474.1,0,,50.63,0.25,118.51
ME,41,415,Month-to-month,No,Yes,30,191.7,109,32.59,193,86,16.41,149.4,93,6.72,11.1,4,3,1,FALSE,545.2,0,,58.72,0.29,102.18
SC,159,415,Month-to-month,No,Yes,23,153.6,93,26.11,216.9,88,18.44,161.3,91,7.26,12.6,3,3.4,2,FALSE,544.4,0,,55.21,0.28,108.68
IL,87,408,Month-to-month,Yes,Yes,36,171.2,138,29.1,185.8,102,15.79,227.6,97,10.24,10.8,3,2.92,1,FALSE,595.4,0,,58.05,0.29,103.36
WA,132,415,Two year,No,No,0,240.1,115,40.82,180.4,91,15.33,133.4,122,6,8,6,2.16,3,FALSE,561.9,0,,64.31,0.32,93.3
NE,86,408,Two year,No,No,0,83.8,121,14.25,240.2,96,20.42,158.6,108,7.14,6.7,8,1.81,1,FALSE,489.3,0,,43.62,0.22,137.55
IL,55,415,Month-to-month,Yes,No,0,269.6,121,45.83,171.7,91,14.59,219,98,9.86,8.2,6,2.21,1,FALSE,668.5,0,,72.49,0.36,82.77
VT,101,415,Month-to-month,No,No,0,136.2,92,23.15,220.9,110,18.78,196.9,116,8.86,13.3,7,3.59,3,FALSE,567.3,0,,54.38,0.27,110.33
KS,94,408,Month-to-month,No,No,0,269.2,104,45.76,193.8,144,16.47,257.6,61,11.59,8.9,2,2.4,3,TRUE,729.5,0,,76.22,0.38,78.72
ND,68,408,Month-to-month,No,No,0,219.6,97,37.33,141.1,144,11.99,205.7,101,9.26,10.8,4,2.92,2,FALSE,577.2,0,,61.5,0.31,97.56
CO,98,408,One year,No,No,0,236.2,122,40.15,189.4,110,16.1,153.6,104,6.91,13.3,4,3.59,0,FALSE,592.5,0,,66.75,0.33,89.89
TX,123,408,One year,No,No,0,260.9,85,44.35,168.5,103,14.32,178.3,91,8.02,13.3,5,3.59,3,FALSE,621,0,,70.28,0.35,85.37
CA,111,408,Month-to-month,No,No,0,249.8,109,42.47,242.4,106,20.6,231.8,78,10.43,11.6,4,3.13,0,TRUE,735.6,0,,76.63,0.38,78.3
MS,69,510,Month-to-month,No,Yes,27,268.8,78,45.7,246.6,89,20.96,271.9,102,12.24,16.4,3,4.43,0,FALSE,803.7,0,,83.33,0.42,72
RI,127,415,One year,No,Yes,27,140.1,59,23.82,223.4,111,18.99,257.9,73,11.61,3.8,10,1.03,1,FALSE,625.2,0,,55.45,0.28,108.21
NM,105,415,Month-to-month,No,No,0,193.7,108,32.93,183.2,124,15.57,293.7,72,13.22,10.8,5,2.92,1,FALSE,681.4,0,,64.64,0.32,92.82
VA,75,415,Month-to-month,No,No,0,224.7,116,38.2,192,79,16.32,212.2,98,9.55,11.3,11,3.05,3,FALSE,640.2,0,,67.12,0.34,89.39
TX,126,415,One year,No,No,0,190.9,143,32.45,149.7,72,12.72,191.4,87,8.61,13,3,3.51,1,FALSE,545,0,,57.29,0.29,104.73
NM,41,415,Month-to-month,No,No,0,232.1,74,39.46,327.1,88,27.8,226.5,119,10.19,10.9,2,2.94,3,TRUE,796.6,0,,80.39,0.4,74.64
RI,113,415,Two year,No,No,0,90.6,130,15.4,170.6,100,14.5,137.4,74,6.18,5.4,9,1.46,1,FALSE,404,0,,37.54,0.19,159.83
NY,78,510,Month-to-month,No,No,0,152.9,81,25.99,256.6,82,21.81,173.6,112,7.81,5.3,6,1.43,2,FALSE,588.4,0,,57.04,0.29,105.19
WA,110,415,Month-to-month,No,No,0,241.2,105,41,174.3,85,14.82,245.3,59,11.04,8.5,4,2.3,2,FALSE,669.3,0,,69.16,0.35,86.76
NE,112,415,Two year,Yes,Yes,16,200.3,72,34.05,197.8,91,16.81,151.1,92,6.8,10.4,3,2.81,1,FALSE,559.6,0,,60.47,0.3,99.22
ID,104,510,Month-to-month,No,No,0,97.2,88,16.52,155.6,85,13.23,261.6,105,11.77,12.4,5,3.35,0,FALSE,526.8,0,,44.87,0.22,133.72
WV,127,510,One year,No,No,0,224.3,112,38.13,185.7,103,15.78,159.4,83,7.17,10,1,2.7,2,FALSE,579.4,0,,63.78,0.32,94.07
NE,61,408,Two year,No,No,0,267.1,104,45.41,180.4,131,15.33,230.6,106,10.38,17.3,4,4.67,1,TRUE,695.4,0,,75.79,0.38,79.17
RI,65,415,Month-to-month,No,Yes,29,215.5,129,36.64,161.9,77,13.76,128.3,91,5.77,8.8,5,2.38,2,FALSE,514.5,0,,58.55,0.29,102.48
CT,152,408,Month-to-month,No,Yes,20,239.1,105,40.65,209.1,111,17.77,268.2,130,12.07,13.3,3,3.59,5,FALSE,729.7,1,,74.08,0.37,80.99
RI,63,415,Month-to-month,Yes,No,0,62.9,112,10.69,202.9,111,17.25,259,58,11.66,8.9,8,2.4,1,FALSE,533.7,0,,42,0.21,142.86
IA,100,408,Month-to-month,No,No,0,210.9,85,35.85,329.3,69,27.99,127.1,78,5.72,9.4,5,2.54,4,FALSE,676.7,1,,72.1,0.36,83.22
MS,29,510,One year,No,No,0,313.2,103,53.24,216.3,151,18.39,218.4,106,9.83,12.8,4,3.46,2,TRUE,760.7,0,,84.92,0.42,70.65
ME,175,415,Month-to-month,No,No,0,132,95,22.44,231.2,74,19.65,313.4,108,14.1,8.7,10,2.35,1,FALSE,685.3,0,,58.54,0.29,102.49
MS,98,415,Month-to-month,Yes,Yes,23,245.5,54,41.74,292.7,83,24.88,184,90,8.28,10.8,7,2.92,1,FALSE,733,0,,77.82,0.39,77.1
VA,121,415,Month-to-month,No,No,0,134.1,112,22.8,195.1,104,16.58,159.6,139,7.18,10.5,2,2.84,2,FALSE,499.3,0,,49.4,0.25,121.46
PA,104,415,Month-to-month,No,No,0,144.5,107,24.57,180.5,85,15.34,226,94,10.17,17,6,4.59,2,FALSE,568,0,,54.67,0.27,109.75
NE,123,415,Two year,No,No,0,150,98,25.5,89.8,95,7.63,326,91,14.67,11.1,3,3,3,FALSE,576.9,0,,50.8,0.25,118.11
MI,61,415,Month-to-month,No,Yes,33,270.7,53,46.02,200.7,116,17.06,201.7,102,9.08,10.9,3,2.94,3,FALSE,684,0,,75.1,0.38,79.89
MD,160,415,Two year,No,No,0,256,111,43.52,187.4,61,15.93,119.1,81,5.36,11.5,4,3.11,3,FALSE,574,0,,67.92,0.34,88.34
AR,153,408,One year,No,No,0,154.6,56,26.28,263,84,22.36,367.7,89,16.55,15.5,2,4.19,1,FALSE,800.8,0,,69.38,0.35,86.48
FL,31,510,Month-to-month,No,No,0,165.4,84,28.12,203.7,107,17.31,201.7,65,9.08,8.2,1,2.21,1,FALSE,579,0,,56.72,0.28,105.78
KY,122,415,Month-to-month,No,No,0,168.3,96,28.61,87.6,91,7.45,247.2,87,11.12,8.4,6,2.27,1,FALSE,511.5,0,,49.45,0.25,121.33
IN,46,415,Month-to-month,No,Yes,34,191.4,102,32.54,361.8,96,30.75,147.5,132,6.64,7.2,2,1.94,1,FALSE,707.9,0,,71.87,0.36,83.48
FL,103,415,Two year,No,No,0,158.7,90,26.98,198.4,117,16.86,181.1,76,8.15,10.5,4,2.84,1,FALSE,548.7,0,,54.83,0.27,109.43
IL,68,415,Month-to-month,Yes,Yes,29,195.5,113,33.24,171.6,96,14.59,204,85,9.18,13.5,9,3.65,1,TRUE,584.6,0,,60.66,0.3,98.91
AL,149,415,One year,No,Yes,20,264.4,102,44.95,219.6,123,18.67,200.4,89,9.02,11.3,3,3.05,2,FALSE,695.7,0,,75.69,0.38,79.27
MT,102,408,Two year,No,No,0,273.2,85,46.44,211.1,82,17.94,203.7,129,9.17,13.1,7,3.54,2,TRUE,701.1,0,,77.09,0.39,77.83
WI,153,510,Month-to-month,No,No,0,159.5,103,27.12,275.5,90,23.42,176.7,126,7.95,10.1,2,2.73,1,TRUE,621.8,0,,61.22,0.31,98.01
NY,122,510,Month-to-month,No,No,0,145.6,102,24.75,284.7,111,24.2,228.2,91,10.27,12.2,5,3.29,0,FALSE,670.7,0,,62.51,0.31,95.98
WY,127,510,Month-to-month,Yes,No,0,247.5,99,42.08,108.5,118,9.22,232,72,10.44,10.6,3,2.86,2,FALSE,598.6,0,,64.6,0.32,92.88
NY,126,415,Month-to-month,Yes,No,0,239.7,87,40.75,281.7,92,23.94,183.5,113,8.26,11.4,1,3.08,1,TRUE,716.3,0,,76.03,0.38,78.92
CO,90,408,Month-to-month,No,No,0,109.9,102,18.68,220.8,114,18.77,104,133,4.68,10.9,6,2.94,0,FALSE,445.6,0,,45.07,0.23,133.13
CA,37,510,Month-to-month,No,No,0,239.9,120,40.78,261.6,88,22.24,207.1,88,9.32,8.9,4,2.4,2,TRUE,717.5,0,,74.74,0.37,80.28
CO,132,415,Two year,No,No,0,197.8,66,33.63,133.9,119,11.38,177.3,94,7.98,10.9,3,2.94,4,TRUE,519.9,1,,55.93,0.28,107.28
KY,38,408,Two year,No,Yes,36,115.4,98,19.62,166.2,83,14.13,184.7,79,8.31,15.2,6,4.1,2,FALSE,481.5,0,,46.16,0.23,129.98
ID,92,415,Two year,No,No,0,197.2,113,33.52,242.3,116,20.6,192,76,8.64,11,5,2.97,2,FALSE,642.5,0,,65.73,0.33,91.28
HI,111,408,One year,No,Yes,13,193.1,104,32.83,111.6,98,9.49,227.4,94,10.23,12.1,4,3.27,1,FALSE,544.2,0,,55.82,0.28,107.49
TX,121,415,Two year,No,Yes,31,263.1,70,44.73,279.3,118,23.74,127.1,143,5.72,9.7,4,2.62,5,FALSE,679.2,1,,76.81,0.38,78.11
GA,131,408,Month-to-month,No,No,0,197,79,33.49,201,114,17.09,151.2,111,6.8,11.6,5,3.13,1,FALSE,560.8,0,,60.51,0.3,99.16
ME,19,415,One year,No,No,0,201.5,123,34.26,129.2,110,10.98,220.6,98,9.93,12.9,4,3.48,1,FALSE,564.2,0,,58.65,0.29,102.3
OH,135,415,Month-to-month,No,No,0,173.4,107,29.48,222,84,18.87,64.2,94,2.89,13.7,6,3.7,1,FALSE,473.3,0,,54.94,0.27,109.21
TN,129,408,Month-to-month,No,No,0,101.4,145,17.24,249.1,116,21.17,157.6,107,7.09,7.1,6,1.92,1,FALSE,515.2,0,,47.42,0.24,126.53
VT,142,415,Month-to-month,No,No,0,232.5,74,39.53,181.8,142,15.45,203.1,86,9.14,10.4,6,2.81,4,FALSE,627.8,1,,66.93,0.33,89.65
MD,130,415,Month-to-month,No,Yes,45,174.5,120,29.67,217.5,95,18.49,220.3,67,9.91,12.2,2,3.29,1,FALSE,624.5,0,,61.36,0.31,97.78
NE,92,415,Month-to-month,No,No,0,181.4,98,30.84,164.5,98,13.98,171,110,7.69,10.9,4,2.94,2,FALSE,527.8,0,,55.45,0.28,108.21
WY,146,415,Month-to-month,No,Yes,11,180.7,82,30.72,173.7,90,14.76,231.5,89,10.42,10.1,4,2.73,2,FALSE,596,0,,58.63,0.29,102.34
WV,152,510,Month-to-month,Yes,Yes,41,146.8,128,24.96,285.6,96,24.28,213.6,80,9.61,4.3,2,1.16,1,TRUE,650.3,0,,60.01,0.3,99.98
MS,189,415,Month-to-month,No,No,0,227.8,124,38.73,169.5,112,14.41,201.1,91,9.05,5.6,4,1.51,3,FALSE,604,0,,63.7,0.32,94.19
OH,95,415,Month-to-month,No,Yes,23,160.3,87,27.25,202.4,101,17.2,191.1,122,8.6,7.4,3,2,0,FALSE,561.2,0,,55.05,0.28,108.99
AK,1,408,Two year,No,No,0,175.2,74,29.78,151.7,79,12.89,230.5,109,10.37,5.3,3,1.43,1,FALSE,562.7,0,,54.47,0.27,110.15
IN,141,415,Month-to-month,No,Yes,39,116.9,127,19.87,276.5,88,23.5,289.9,125,13.05,12.3,2,3.32,0,FALSE,695.6,0,,59.74,0.3,100.44
WA,111,510,Month-to-month,No,No,0,152.2,114,25.87,137.2,102,11.66,185.9,97,8.37,9.8,3,2.65,0,FALSE,485.1,0,,48.55,0.24,123.58
RI,143,408,One year,No,No,0,167.8,72,28.53,211,99,17.94,153.5,109,6.91,10.5,6,2.84,4,TRUE,542.8,1,,56.22,0.28,106.72
AL,148,415,Month-to-month,No,Yes,21,262.9,135,44.69,149.5,96,12.71,140.5,109,6.32,8.1,4,2.19,1,FALSE,561,0,,65.91,0.33,91.03
MT,143,408,Two year,No,Yes,22,141.8,116,24.11,167.3,99,14.22,178.1,130,8.01,7.8,3,2.11,1,FALSE,495,0,,48.45,0.24,123.84
NM,90,415,Month-to-month,No,No,0,167.5,96,28.48,139.1,104,11.82,138.4,87,6.23,13,1,3.51,1,FALSE,458,0,,50.04,0.25,119.9
OH,169,408,Two year,No,No,0,147.2,115,25.02,161.9,123,13.76,142.1,103,6.39,7.2,6,1.94,3,FALSE,458.4,0,,47.11,0.24,127.36
LA,53,415,Two year,No,No,0,145.1,116,24.67,233.7,82,19.86,208.7,95,9.39,7.9,5,2.13,2,FALSE,595.4,0,,56.05,0.28,107.05
MO,15,415,Month-to-month,No,No,0,135.2,101,22.98,152.5,79,12.96,224.8,83,10.12,8.4,5,2.27,2,FALSE,520.9,0,,48.33,0.24,124.15
DC,123,408,Two year,No,Yes,28,124.7,105,21.2,250.4,78,21.28,216.4,128,9.74,7.8,8,2.11,1,FALSE,599.3,0,,54.33,0.27,110.44
TN,95,510,Month-to-month,No,No,0,174,57,29.58,281.1,118,23.89,197.2,94,8.87,9.7,2,2.62,0,FALSE,662,0,,64.96,0.32,92.36
WA,82,510,Month-to-month,No,No,0,265.2,122,45.08,178.7,102,15.19,174.7,90,7.86,10.7,9,2.89,2,FALSE,629.3,0,,71.02,0.36,84.48
RI,180,415,One year,No,No,0,143.3,134,24.36,180.5,113,15.34,184.2,87,8.29,10.1,4,2.73,1,FALSE,518.1,0,,50.72,0.25,118.3
RI,125,408,Month-to-month,No,No,0,113,108,19.21,169.2,107,14.38,156.6,61,7.05,9.2,5,2.48,2,TRUE,448,0,,43.12,0.22,139.15
OR,138,415,One year,Yes,Yes,28,211.2,117,35.9,312.5,98,26.56,178,118,8.01,10.7,2,2.89,3,TRUE,712.4,0,,73.36,0.37,81.79
MA,90,408,Month-to-month,No,No,0,157.9,72,26.84,234,93,19.89,210,86,9.45,12.2,5,3.29,2,FALSE,614.1,0,,59.47,0.3,100.89
NC,190,408,Two year,No,No,0,182.2,101,30.97,212.3,95,18.05,233,123,10.49,9.3,4,2.51,2,FALSE,636.8,0,,62.02,0.31,96.74
IA,143,510,Month-to-month,No,Yes,33,141.4,130,24.04,186.4,114,15.84,210,111,9.45,7.7,6,2.08,1,FALSE,545.5,0,,51.41,0.26,116.71
IL,183,510,Month-to-month,No,No,0,108.3,87,18.41,183.6,116,15.61,176.6,109,7.95,13.5,2,3.65,0,FALSE,482,0,,45.62,0.23,131.52
KY,58,415,One year,No,No,0,247.2,116,42.02,303.7,103,25.81,105.4,94,4.74,9.3,2,2.51,2,TRUE,665.6,0,,75.08,0.38,79.91
TN,123,415,Two year,No,No,0,166.9,98,28.37,221.8,77,18.85,243.9,114,10.98,12.8,4,3.46,3,FALSE,645.4,0,,61.66,0.31,97.31
GA,155,510,One year,No,No,0,71.2,90,12.1,304.4,119,25.87,183.3,103,8.25,8.6,4,2.32,0,FALSE,567.5,0,,48.54,0.24,123.61
MN,53,415,Month-to-month,No,No,0,164.1,106,27.9,206,56,17.51,194.7,124,8.76,11.4,2,3.08,1,FALSE,576.2,0,,57.25,0.29,104.8
MT,101,415,Two year,No,No,0,154.4,130,26.25,217.2,101,18.46,185.4,52,8.34,13.9,4,3.75,1,FALSE,570.9,0,,56.8,0.28,105.63
ND,122,408,Month-to-month,No,No,0,231.2,141,39.3,267.8,136,22.76,240.3,100,10.81,8.8,5,2.38,1,TRUE,748.1,0,,75.25,0.38,79.73
VA,163,415,Month-to-month,No,No,0,202.9,100,34.49,178.6,46,15.18,203.8,116,9.17,12.8,3,3.46,5,FALSE,598.1,1,,62.3,0.31,96.31
ND,120,415,Month-to-month,No,No,0,177.2,88,30.12,270.4,99,22.98,231.5,90,10.42,14,2,3.78,2,FALSE,693.1,0,,67.3,0.34,89.15
TN,196,415,Month-to-month,No,No,0,133.1,80,22.63,206.5,120,17.55,221.6,96,9.97,10.3,8,2.78,1,FALSE,571.5,0,,52.93,0.26,113.36
NE,147,415,Month-to-month,No,Yes,38,243.4,126,41.38,273.8,109,23.27,282.9,91,12.73,14.1,8,3.81,2,FALSE,814.2,0,,81.19,0.41,73.9
IN,81,408,One year,No,Yes,46,168.3,124,28.61,270.9,103,23.03,222.5,98,10.01,6.7,2,1.81,4,FALSE,668.4,1,,63.46,0.32,94.55
OR,165,415,Month-to-month,No,Yes,33,111.6,140,18.97,213.3,111,18.13,267.6,115,12.04,16,3,4.32,0,FALSE,608.5,0,,53.46,0.27,112.23
TN,115,415,Month-to-month,No,No,0,206.2,113,35.05,176.4,102,14.99,297.1,119,13.37,11,7,2.97,1,FALSE,690.7,0,,66.38,0.33,90.39
TX,90,408,Month-to-month,No,Yes,27,156.7,51,26.64,236.5,118,20.1,123.2,111,5.54,12.6,6,3.4,2,FALSE,529,0,,55.68,0.28,107.76
TN,37,415,Month-to-month,No,No,0,221,126,37.57,204.5,110,17.38,118,98,5.31,6.8,3,1.84,4,FALSE,550.3,1,,62.1,0.31,96.62
NC,76,510,Month-to-month,No,No,0,165.7,94,28.17,257.4,80,21.88,170.8,114,7.69,10,4,2.7,1,FALSE,603.9,0,,60.44,0.3,99.27
MT,109,510,One year,No,No,0,154.8,82,26.32,287.7,109,24.45,208.4,80,9.38,5.9,9,1.59,3,FALSE,656.8,0,,61.74,0.31,97.18
HI,105,510,Month-to-month,No,No,0,125.4,116,21.32,261.5,95,22.23,241.6,104,10.87,11.4,9,3.08,2,FALSE,639.9,0,,57.5,0.29,104.35
MI,74,415,Month-to-month,No,No,0,124.8,114,21.22,133,121,11.31,160.3,85,7.21,10.6,7,2.86,3,FALSE,428.7,0,,42.6,0.21,140.85
AL,76,415,Month-to-month,No,No,0,179.2,85,30.46,222.9,66,18.95,188.2,113,8.47,12.4,2,3.35,0,FALSE,602.7,0,,61.23,0.31,97.99
CT,116,415,One year,No,No,0,245.9,73,41.8,240.1,87,20.41,158.7,89,7.14,8.9,5,2.4,3,FALSE,653.6,0,,71.75,0.36,83.62
UT,138,510,Month-to-month,No,No,0,205.9,96,35,257.1,94,21.85,209,63,9.4,12.1,8,3.27,0,FALSE,684.1,0,,69.52,0.35,86.31
DC,102,415,Month-to-month,No,No,0,186.8,92,31.76,173.7,123,14.76,250.9,131,11.29,9.7,4,2.62,2,FALSE,621.1,0,,60.43,0.3,99.29
UT,164,510,Month-to-month,No,No,0,192.1,95,32.66,249.8,94,21.23,132.6,100,5.97,7.3,3,1.97,3,FALSE,581.8,0,,61.83,0.31,97.04
MN,125,415,Month-to-month,No,No,0,240.7,82,40.92,269.4,85,22.9,187.1,74,8.42,10.1,3,2.73,0,TRUE,707.3,0,,74.97,0.37,80.03
SC,209,510,One year,No,No,0,255.1,124,43.37,230.6,110,19.6,218,69,9.81,8.5,5,2.3,3,TRUE,712.2,0,,75.08,0.38,79.91
NH,116,408,Two year,No,Yes,24,183.6,138,31.21,203.8,90,17.32,166.9,89,7.51,6,3,1.62,2,FALSE,560.3,0,,57.66,0.29,104.06
MD,189,415,One year,No,Yes,30,155.2,116,26.38,195.5,50,16.62,170.1,108,7.65,15.4,6,4.16,1,FALSE,536.2,0,,54.81,0.27,109.47
OK,84,510,Two year,No,No,0,203.4,125,34.58,182.9,88,15.55,213.7,121,9.62,13.8,2,3.73,1,FALSE,613.8,0,,63.48,0.32,94.52
NJ,182,415,Two year,No,No,0,279.1,124,47.45,180.5,108,15.34,217.5,104,9.79,9.5,11,2.57,2,TRUE,686.6,0,,75.15,0.38,79.84
HI,171,510,Two year,No,No,0,189.8,122,32.27,173.7,85,14.76,257.1,84,11.57,10.3,1,2.78,0,FALSE,630.9,0,,61.38,0.31,97.75
DE,90,415,Two year,No,No,0,198.5,124,33.75,266.6,100,22.66,243.3,80,10.95,8,7,2.16,2,FALSE,716.4,0,,69.52,0.35,86.31
AL,117,510,Month-to-month,No,No,0,158.7,84,26.98,181.7,91,15.44,177.3,67,7.98,7.7,10,2.08,2,FALSE,525.4,0,,52.48,0.26,114.33
KS,186,510,One year,No,No,0,137.8,97,23.43,187.7,118,15.95,146.4,85,6.59,8.7,6,2.35,1,FALSE,480.6,0,,48.32,0.24,124.17
AK,55,408,Month-to-month,No,Yes,39,139.3,101,23.68,178.3,117,15.16,246.5,104,11.09,8.1,1,2.19,3,FALSE,572.2,0,,52.12,0.26,115.12
WI,74,408,Month-to-month,No,No,0,177.4,136,30.16,240.3,104,20.43,237.3,133,10.68,12,3,3.24,0,FALSE,667,0,,64.51,0.32,93.01
IN,130,408,Month-to-month,No,No,0,115.6,129,19.65,167.8,104,14.26,141.8,124,6.38,12.6,9,3.4,1,FALSE,437.8,0,,43.69,0.22,137.33
DC,80,408,One year,No,No,0,51.5,90,8.76,164,98,13.94,169.4,80,7.62,9.5,4,2.57,3,FALSE,394.4,0,,32.89,0.16,182.43
MS,120,415,One year,No,No,0,131.7,99,22.39,163.1,109,13.86,201.1,116,9.05,10.7,3,2.89,1,FALSE,506.6,0,,48.19,0.24,124.51
NH,84,408,Two year,No,Yes,30,106.5,65,18.11,225.7,108,19.18,188.6,61,8.49,5.7,3,1.54,2,FALSE,526.5,0,,47.32,0.24,126.8
NJ,134,510,Two year,No,Yes,34,247.2,105,42.02,225.5,133,19.17,186.3,76,8.38,6.1,5,1.65,2,TRUE,665.1,0,,71.22,0.36,84.25
VT,68,415,Month-to-month,No,No,0,158.8,119,27,211.8,105,18,198.1,101,8.91,10.3,3,2.78,1,FALSE,579,0,,56.69,0.28,105.84
MD,119,408,Month-to-month,No,No,0,239.1,88,40.65,243.5,79,20.7,230.9,92,10.39,10.9,3,2.94,3,TRUE,724.4,0,,74.68,0.37,80.34
KS,166,415,Month-to-month,Yes,Yes,28,175.8,126,29.89,253.6,76,21.56,128.5,72,5.78,11.4,5,3.08,1,FALSE,569.3,0,,60.31,0.3,99.49
NH,90,415,Month-to-month,No,Yes,42,193.3,66,32.86,263.3,85,22.38,214.4,97,9.65,11.1,4,3,0,FALSE,682.1,0,,67.89,0.34,88.38
AZ,82,415,One year,No,Yes,33,137.8,95,23.43,235.5,128,20.02,268.1,70,12.06,11,6,2.97,2,FALSE,652.4,0,,58.48,0.29,102.6
ID,130,415,Month-to-month,No,No,0,263.7,113,44.83,186.5,103,15.85,195.3,99,8.79,18.3,6,4.94,1,TRUE,663.8,0,,74.41,0.37,80.63
TX,130,408,One year,No,No,0,252,101,42.84,170.2,105,14.47,209.2,64,9.41,5.7,5,1.54,0,FALSE,637.1,0,,68.26,0.34,87.9
RI,155,408,One year,Yes,No,0,163.1,94,27.73,291.7,108,24.79,96.4,111,4.34,11.2,3,3.02,0,FALSE,562.4,0,,59.88,0.3,100.2
OR,81,415,Month-to-month,No,No,0,324.7,48,55.2,236.4,82,20.09,187.6,78,8.44,13.1,5,3.54,0,TRUE,761.8,0,,87.27,0.44,68.75
NC,75,408,Two year,No,No,0,203.3,70,34.56,228.9,97,19.46,222.2,118,10,14.3,3,3.86,1,FALSE,668.7,0,,67.88,0.34,88.39
NM,178,415,Two year,No,Yes,35,175.4,88,29.82,190,65,16.15,138.7,94,6.24,10.5,3,2.84,2,FALSE,514.6,0,,55.05,0.28,108.99
SC,112,415,Two year,No,No,0,266,97,45.22,214.6,94,18.24,306.2,100,13.78,14.2,2,3.83,2,TRUE,801,0,,81.07,0.41,74.01
AZ,100,510,Two year,No,No,0,78.7,98,13.38,225.6,102,19.18,150.4,106,6.77,14,8,3.78,0,FALSE,468.7,0,,43.11,0.22,139.18
WV,104,415,Month-to-month,No,No,0,225.9,123,38.4,162.8,106,13.84,272.1,85,12.24,10.1,4,2.73,1,FALSE,670.9,0,,67.21,0.34,89.27
NY,160,408,One year,No,No,0,216.8,77,36.86,207.3,117,17.62,228.6,117,10.29,5.6,2,1.51,1,FALSE,658.3,0,,66.28,0.33,90.53
WV,87,415,Month-to-month,No,No,0,58,125,9.86,67.5,116,5.74,185.9,136,8.37,11.5,3,3.11,0,FALSE,322.9,0,,27.08,0.14,221.57
NM,81,415,One year,No,No,0,173.2,80,29.44,236.2,94,20.08,240.2,84,10.81,11.8,6,3.19,2,FALSE,661.4,0,,63.52,0.32,94.46
ME,28,415,Month-to-month,No,No,0,236.8,102,40.26,167.1,87,14.2,280.2,115,12.61,9.7,3,2.62,3,FALSE,693.8,0,,69.69,0.35,86.1
WI,95,408,Month-to-month,No,No,0,237.3,83,40.34,154,65,13.09,237,105,10.67,11.2,6,3.02,1,FALSE,639.5,0,,67.12,0.34,89.39
NJ,35,408,One year,No,No,0,158.6,67,26.96,130.4,96,11.08,229.8,80,10.34,6.9,5,1.86,2,FALSE,525.7,0,,50.24,0.25,119.43
WY,134,510,Month-to-month,No,No,0,296,93,50.32,226.4,117,19.24,246.8,98,11.11,12.3,10,3.32,0,TRUE,781.5,0,,83.99,0.42,71.44
AR,185,415,Month-to-month,No,Yes,19,157.3,123,26.74,257.7,94,21.9,190.4,107,8.57,9.6,6,2.59,0,FALSE,615,0,,59.8,0.3,100.33
PA,85,408,Two year,No,No,0,144.4,88,24.55,264.6,105,22.49,185.4,94,8.34,9.9,3,2.67,1,FALSE,604.3,0,,58.05,0.29,103.36
TN,148,415,Month-to-month,No,Yes,36,77.6,141,13.19,207,60,17.6,255.7,115,11.51,10.9,2,2.94,1,FALSE,551.2,0,,45.24,0.23,132.63
CT,134,408,Two year,No,Yes,32,80.3,94,13.65,199.9,124,16.99,170.8,117,7.69,16.6,3,4.48,0,FALSE,467.6,0,,42.81,0.21,140.15
MA,80,408,One year,No,Yes,36,190.3,115,32.35,256.6,78,21.81,214.9,145,9.67,3.8,4,1.03,1,FALSE,665.6,0,,64.86,0.32,92.51
OH,165,510,Two year,No,No,0,209.4,67,35.6,273.8,89,23.27,150.2,88,6.76,12.8,1,3.46,0,FALSE,646.2,0,,69.09,0.35,86.84
KS,65,415,Month-to-month,No,Yes,34,208.8,119,35.5,142.1,106,12.08,214.6,87,9.66,12.5,4,3.38,4,FALSE,578,1,,60.62,0.3,98.98
OK,104,415,One year,No,No,0,113.6,87,19.31,158.6,98,13.48,187.7,87,8.45,10.5,6,2.84,2,FALSE,470.4,0,,44.08,0.22,136.12
UT,44,415,Two year,No,No,0,202.6,89,34.44,163,96,13.86,268.1,151,12.06,8.3,3,2.24,0,FALSE,642,0,,62.6,0.31,95.85
OH,162,415,Two year,No,No,0,135.2,98,22.98,242,107,20.57,246.9,96,11.11,10.2,2,2.75,2,FALSE,634.3,0,,57.41,0.29,104.51
WA,96,415,One year,No,No,0,276.9,105,47.07,246.9,94,20.99,254.4,107,11.45,10.3,3,2.78,1,TRUE,788.5,0,,82.29,0.41,72.91
IN,72,510,One year,No,No,0,287.4,116,48.86,235.3,126,20,292.1,114,13.14,5,3,1.35,4,TRUE,819.8,1,,83.35,0.42,71.99
NE,31,415,Month-to-month,No,No,0,97.5,129,16.58,260.4,78,22.13,88.7,100,3.99,7,5,1.89,1,FALSE,453.6,0,,44.59,0.22,134.56
AL,72,415,Two year,No,No,0,166.5,102,28.31,261,103,22.19,262.7,85,11.82,13.3,5,3.59,0,FALSE,703.5,0,,65.91,0.33,91.03
PA,136,408,One year,No,No,0,102.1,75,17.36,219.5,97,18.66,73.7,92,3.32,9.8,5,2.65,0,FALSE,405.1,0,,41.99,0.21,142.89
OR,82,415,Month-to-month,No,Yes,19,146.5,73,24.91,246.4,65,20.94,199,114,8.96,4.1,4,1.11,1,FALSE,596,0,,55.92,0.28,107.3
MN,155,408,Month-to-month,Yes,No,0,250.8,146,42.64,152.5,105,12.96,148.1,104,6.66,10,5,2.7,2,FALSE,561.4,0,,64.96,0.32,92.36
GA,136,415,Month-to-month,No,No,0,163.4,83,27.78,249.3,119,21.19,249.7,90,11.24,9.8,4,2.65,7,FALSE,672.2,1,,62.86,0.31,95.45
TX,57,415,Month-to-month,No,No,0,161,113,27.37,208,134,17.68,208.1,81,9.36,8.4,4,2.27,3,FALSE,585.5,0,,56.68,0.28,105.86
NM,112,415,Month-to-month,No,No,0,81.6,94,13.87,268.1,112,22.79,140.8,75,6.34,8.6,18,2.32,1,FALSE,499.1,0,,45.32,0.23,132.39
NC,95,408,Month-to-month,No,No,0,128.6,115,21.86,216.2,88,18.38,255.3,96,11.49,6.3,2,1.7,6,TRUE,606.4,1,,53.43,0.27,112.3
ID,113,415,Month-to-month,No,Yes,30,183.8,102,31.25,183.4,123,15.59,235,52,10.58,11.6,7,3.13,0,FALSE,613.8,0,,60.55,0.3,99.09
WI,103,415,Month-to-month,No,No,0,180.2,134,30.63,97.7,85,8.3,181.7,134,8.18,8.4,3,2.27,1,FALSE,468,0,,49.38,0.25,121.51
SC,149,415,Month-to-month,No,Yes,20,147.8,132,25.13,276.8,94,23.53,149.9,110,6.75,10.2,6,2.75,0,FALSE,584.7,0,,58.16,0.29,103.16
NV,116,408,Two year,No,No,0,110.9,54,18.85,213.4,82,18.14,186.2,116,8.38,7.9,2,2.13,2,FALSE,518.4,0,,47.5,0.24,126.32
NE,95,510,One year,No,No,0,58.2,96,9.89,202.1,126,17.18,210.5,97,9.47,10.4,5,2.81,0,FALSE,481.2,0,,39.35,0.2,152.48
UT,201,510,Two year,No,No,0,212.7,72,36.16,225.2,90,19.14,195.1,99,8.78,7,6,1.89,1,FALSE,640,0,,65.97,0.33,90.95
HI,150,415,Two year,No,No,0,214,117,36.38,192.4,89,16.35,242.6,99,10.92,7.9,4,2.13,1,FALSE,656.9,0,,65.78,0.33,91.21
MI,108,408,Two year,Yes,No,0,115.1,114,19.57,211.3,70,17.96,136.1,85,6.12,13.8,3,3.73,2,TRUE,476.3,0,,47.38,0.24,126.64
MO,101,415,One year,Yes,No,0,156.4,116,26.59,130.4,114,11.08,207.3,109,9.33,7.3,5,1.97,1,FALSE,501.4,0,,48.97,0.24,122.52
AL,182,415,Two year,No,Yes,24,128.1,104,21.78,143.4,127,12.19,191,98,8.59,11.6,3,3.13,1,FALSE,474.1,0,,45.69,0.23,131.32
VT,128,408,Month-to-month,No,No,0,227.9,130,38.74,302.6,71,25.72,191.5,82,8.62,5.5,7,1.49,1,TRUE,727.5,0,,74.57,0.37,80.46
VA,113,408,Month-to-month,No,Yes,34,44.9,63,7.63,134.2,82,11.41,168.4,118,7.58,13.3,3,3.59,1,FALSE,360.8,0,,30.21,0.15,198.61
RI,76,415,Month-to-month,No,No,0,171.1,78,29.09,257.2,83,21.86,91.6,92,4.12,16.2,3,4.37,1,FALSE,536.1,0,,59.44,0.3,100.94
MD,204,510,Two year,No,No,0,205.2,145,34.88,154.8,95,13.16,191.4,77,8.61,14.1,5,3.81,3,FALSE,565.5,0,,60.46,0.3,99.24
OH,32,415,Month-to-month,No,Yes,31,232.8,97,39.58,183.5,111,15.6,206.8,111,9.31,13,2,3.51,0,FALSE,636.1,0,,68,0.34,88.24
CO,103,415,One year,No,Yes,37,153.5,78,26.1,241.9,108,20.56,244.7,110,11.01,10.6,3,2.86,1,FALSE,650.7,0,,60.53,0.3,99.12
UT,148,510,Two year,No,No,0,203,92,34.51,150.9,125,12.83,245.5,131,11.05,14.6,9,3.94,1,FALSE,614,0,,62.33,0.31,96.26
CO,57,415,Month-to-month,No,No,0,85.9,92,14.6,193.9,127,16.48,231.5,93,10.42,10.1,2,2.73,0,FALSE,521.4,0,,44.23,0.22,135.65
KY,64,415,One year,Yes,No,0,146.7,83,24.94,148.3,91,12.61,238.6,69,10.74,12.5,3,3.38,3,FALSE,546.1,0,,51.67,0.26,116.12
DC,70,415,One year,No,No,0,152.8,145,25.98,183.6,102,15.61,151.8,75,6.83,10.5,2,2.84,1,FALSE,498.7,0,,51.26,0.26,117.05
MA,142,408,Two year,No,No,0,216.8,134,36.86,187.8,106,15.96,138.1,108,6.21,8.3,2,2.24,0,FALSE,551,0,,61.27,0.31,97.93
AZ,88,415,One year,No,No,0,172.8,81,29.38,193.4,90,16.44,89.6,107,4.03,12.8,5,3.46,2,FALSE,468.6,0,,53.31,0.27,112.55
IL,131,510,Two year,No,No,0,263.4,123,44.78,151.9,74,12.91,218.5,101,9.83,10.7,2,2.89,2,FALSE,644.5,0,,70.41,0.35,85.22
CO,130,408,Two year,No,No,0,271.8,129,46.21,237.2,128,20.16,210.1,91,9.45,8.7,2,2.35,4,TRUE,727.8,1,,78.17,0.39,76.76
OR,166,510,One year,No,No,0,199.6,93,33.93,214.3,99,18.22,196.8,110,8.86,7.2,5,1.94,3,FALSE,617.9,0,,62.95,0.31,95.31
MS,130,510,Two year,No,No,0,203.9,63,34.66,191.8,93,16.3,132.5,125,5.96,12.1,4,3.27,3,FALSE,540.3,0,,60.19,0.3,99.68
SC,111,510,Month-to-month,No,No,0,78.3,119,13.31,198.2,94,16.85,248.5,94,11.18,12.1,4,3.27,1,FALSE,537.1,0,,44.61,0.22,134.5
IN,100,415,Month-to-month,No,Yes,32,125.2,123,21.28,230.9,101,19.63,192,106,8.64,12.6,9,3.4,3,FALSE,560.7,0,,52.95,0.26,113.31
ME,57,415,Month-to-month,No,No,0,221.1,101,37.59,236.7,65,20.12,252.3,137,11.35,9.5,1,2.57,0,FALSE,719.6,0,,71.63,0.36,83.76
DE,139,408,Two year,No,No,0,139,110,23.63,132.9,93,11.3,272,120,12.24,12.1,1,3.27,0,FALSE,556,0,,50.44,0.25,118.95
OR,113,415,One year,No,No,0,159.8,143,27.17,210.1,93,17.86,175.1,86,7.88,13.1,7,3.54,2,FALSE,558.1,0,,56.45,0.28,106.29
NJ,108,415,Two year,No,No,0,239.3,102,40.68,223.4,127,18.99,251.4,104,11.31,10.6,6,2.86,0,FALSE,724.7,0,,73.84,0.37,81.26
MT,100,415,Month-to-month,No,No,0,113.3,96,19.26,197.9,89,16.82,284.5,93,12.8,11.7,2,3.16,4,TRUE,607.4,1,,52.04,0.26,115.3
WV,120,510,Month-to-month,No,No,0,192.6,123,32.74,206.4,105,17.54,283.2,93,12.74,10.8,3,2.92,1,FALSE,693,0,,65.94,0.33,90.99
NJ,107,408,One year,No,Yes,36,96.3,83,16.37,179.6,91,15.27,166.3,121,7.48,10.3,2,2.78,1,FALSE,452.5,0,,41.9,0.21,143.2
IN,104,408,Month-to-month,No,No,0,280.4,127,47.67,179.4,79,15.25,150.6,77,6.78,15.2,6,4.1,5,FALSE,625.6,1,,73.8,0.37,81.3
NM,62,415,Month-to-month,No,No,0,245.3,91,41.7,122.9,130,10.45,228.4,102,10.28,8.5,4,2.3,4,FALSE,605.1,1,,64.73,0.32,92.69
MT,34,415,Month-to-month,No,Yes,14,151.5,100,25.76,248.7,126,21.14,199.8,120,8.99,10.7,5,2.89,2,FALSE,610.7,0,,58.78,0.29,102.08
NM,183,415,One year,No,No,0,190,100,32.3,246.6,78,20.96,304.2,107,13.69,9.5,4,2.57,1,FALSE,750.3,0,,69.52,0.35,86.31
IL,123,408,One year,No,No,0,114.8,94,19.52,150,104,12.75,268.6,119,12.09,9.6,4,2.59,2,FALSE,543,0,,46.95,0.23,127.8
IN,64,408,Two year,No,No,0,113.8,97,19.35,192.3,97,16.35,214.9,89,9.67,10.4,1,2.81,3,FALSE,531.4,0,,48.18,0.24,124.53
ND,27,415,Month-to-month,No,No,0,227.4,67,38.66,248,115,21.08,61.4,109,2.76,7.8,6,2.11,1,FALSE,544.6,0,,64.61,0.32,92.86
NH,123,408,Month-to-month,No,No,0,224,99,38.08,210.7,80,17.91,231.9,75,10.44,2.1,5,0.57,0,FALSE,668.7,0,,67,0.33,89.55
NM,84,408,Month-to-month,No,Yes,41,153.9,102,26.16,140.7,117,11.96,217.7,101,9.8,12.8,5,3.46,1,FALSE,525.1,0,,51.38,0.26,116.78
LA,91,415,One year,No,No,0,190.5,128,32.39,205.5,103,17.47,130.7,63,5.88,13.8,5,3.73,0,FALSE,540.5,0,,59.47,0.3,100.89
KY,95,510,Two year,No,No,0,157.3,116,26.74,197.5,77,16.79,128.2,111,5.77,8.4,4,2.27,2,FALSE,491.4,0,,51.57,0.26,116.35
WV,73,415,Month-to-month,No,No,0,240.3,130,40.85,162.5,83,13.81,231.9,136,10.44,11.9,3,3.21,0,FALSE,646.6,0,,68.31,0.34,87.83
WV,58,408,Month-to-month,No,Yes,39,211.9,40,36.02,274.4,76,23.32,210.5,139,9.47,5.4,4,1.46,1,FALSE,702.2,0,,70.27,0.35,85.38
IA,88,415,Month-to-month,No,No,0,113.7,67,19.33,165.1,127,14.03,141.5,142,6.37,10.8,3,2.92,1,FALSE,431.1,0,,42.65,0.21,140.68
NE,67,415,Two year,No,Yes,41,174.7,86,29.7,160.6,93,13.65,155.3,108,6.99,13.4,1,3.62,0,FALSE,504,0,,53.96,0.27,111.19
WA,152,510,One year,No,No,0,161.4,84,27.44,163.6,88,13.91,153.2,121,6.89,11.8,5,3.19,1,FALSE,490,0,,51.43,0.26,116.66
PA,142,510,One year,No,Yes,40,230.7,101,39.22,256.8,88,21.83,263.9,92,11.88,6.4,3,1.73,1,FALSE,757.8,0,,74.66,0.37,80.36
ID,105,408,Month-to-month,No,No,0,232.6,96,39.54,253.4,117,21.54,154,101,6.93,10.5,9,2.84,1,FALSE,650.5,0,,70.85,0.35,84.69
DC,93,408,Two year,No,Yes,22,306.2,123,52.05,189.7,83,16.12,240.3,107,10.81,11.7,2,3.16,0,FALSE,747.9,0,,82.14,0.41,73.05
KY,79,415,Two year,No,No,0,236.8,135,40.26,186.4,87,15.84,126.9,112,5.71,10.4,5,2.81,2,FALSE,560.5,0,,64.62,0.32,92.85
SC,88,408,One year,No,No,0,153.5,94,26.1,251.7,118,21.39,182.2,99,8.2,8.5,6,2.3,1,FALSE,595.9,0,,57.99,0.29,103.47
NC,110,408,Month-to-month,No,No,0,159.5,145,27.12,202.3,101,17.2,256,96,11.52,16.7,2,4.51,2,FALSE,634.5,0,,60.35,0.3,99.42
NY,209,415,Two year,No,No,0,153.7,105,26.13,188.6,87,16.03,200.8,95,9.04,10.7,2,2.89,0,FALSE,553.8,0,,54.09,0.27,110.93
OR,27,510,Month-to-month,No,No,0,232.1,81,39.46,210.8,101,17.92,165.4,87,7.44,15,6,4.05,5,FALSE,623.3,1,,68.87,0.34,87.12
IL,117,415,Month-to-month,No,No,0,201.9,86,34.32,212.3,96,18.05,176.9,98,7.96,7.8,10,2.11,1,FALSE,598.9,0,,62.44,0.31,96.09
MA,87,408,One year,No,No,0,186.9,79,31.77,182.6,105,15.52,143.1,90,6.44,4.2,14,1.13,1,FALSE,516.8,0,,54.86,0.27,109.37
CT,129,510,Month-to-month,No,Yes,27,196.6,89,33.42,180.6,95,15.35,245,83,11.03,6.6,5,1.78,1,FALSE,628.8,0,,61.58,0.31,97.43
WI,142,510,Month-to-month,No,No,0,232.1,102,39.46,168.2,110,14.3,197.3,120,8.88,9.9,3,2.67,1,FALSE,607.5,0,,65.31,0.33,91.87
OK,112,415,Month-to-month,No,No,0,166,79,28.22,74.6,100,6.34,247.9,74,11.16,6.3,7,1.7,0,FALSE,494.8,0,,47.42,0.24,126.53
AZ,97,408,One year,No,Yes,25,141,101,23.97,212,85,18.02,175.2,138,7.88,4.9,2,1.32,3,FALSE,533.1,0,,51.19,0.26,117.21
KS,101,415,Month-to-month,No,No,0,231.3,87,39.32,224.7,88,19.1,214.6,69,9.66,7.2,7,1.94,1,FALSE,677.8,0,,70.02,0.35,85.69
KS,127,415,Month-to-month,No,Yes,24,154.8,69,26.32,177.2,105,15.06,207.6,102,9.34,9,4,2.43,1,FALSE,548.6,0,,53.15,0.27,112.89
WY,148,408,Month-to-month,No,No,0,243,115,41.31,191.8,91,16.3,117.8,93,5.3,13.4,5,3.62,2,FALSE,566,0,,66.53,0.33,90.18
OK,138,510,Month-to-month,No,Yes,33,155.2,139,26.38,268.3,79,22.81,186.4,71,8.39,9.7,4,2.62,3,FALSE,619.6,0,,60.2,0.3,99.67
WA,84,415,Two year,No,No,0,289.1,100,49.15,233.8,97,19.87,223.5,148,10.06,12.7,2,3.43,2,TRUE,759.1,0,,82.51,0.41,72.72
MD,133,510,Month-to-month,No,No,0,295,141,50.15,223.6,101,19.01,229.4,109,10.32,12.9,4,3.48,2,TRUE,760.9,0,,82.96,0.41,72.32
NY,120,510,Month-to-month,No,Yes,27,128.5,115,21.85,163.7,91,13.91,242.9,121,10.93,0,0,0,1,FALSE,535.1,0,,46.69,0.23,128.51
WI,87,415,Month-to-month,No,No,0,238,97,40.46,164.5,97,13.98,282.5,132,12.71,10.6,6,2.86,2,FALSE,695.6,0,,70.01,0.35,85.7
AK,99,510,Two year,No,No,0,238.4,96,40.53,246.5,130,20.95,198.4,117,8.93,12.4,4,3.35,3,FALSE,695.7,0,,73.76,0.37,81.34
AZ,48,415,One year,No,Yes,27,141.1,109,23.99,224.7,94,19.1,174.3,122,7.84,13.2,2,3.56,1,FALSE,553.3,0,,54.49,0.27,110.11
KS,57,415,One year,No,No,0,158.1,117,26.88,115.2,149,9.79,182.4,92,8.21,11.8,7,3.19,0,FALSE,467.5,0,,48.07,0.24,124.82
CA,127,510,Month-to-month,No,No,0,107.9,128,18.34,187,77,15.9,218.5,95,9.83,0,0,0,0,FALSE,513.4,0,,44.07,0.22,136.15
IN,114,408,Month-to-month,No,No,0,203.8,85,34.65,87.8,110,7.46,166.2,122,7.48,11.7,4,3.16,1,FALSE,469.5,0,,52.75,0.26,113.74
CA,84,415,Month-to-month,No,No,0,280,113,47.6,202.2,90,17.19,156.8,103,7.06,10.4,4,2.81,0,TRUE,649.4,0,,74.66,0.37,80.36
WI,114,415,Month-to-month,No,Yes,26,137.1,88,23.31,155.7,125,13.23,247.6,94,11.14,11.5,7,3.11,2,FALSE,551.9,0,,50.79,0.25,118.13
AL,106,408,Two year,No,Yes,29,83.6,131,14.21,203.9,131,17.33,229.5,73,10.33,8.1,3,2.19,1,FALSE,525.1,0,,44.06,0.22,136.18
VT,60,415,Two year,No,No,0,193.9,118,32.96,85,110,7.23,210.1,134,9.45,13.2,8,3.56,3,FALSE,502.2,0,,53.2,0.27,112.78
WV,159,415,Month-to-month,No,No,0,169.8,114,28.87,197.7,105,16.8,193.7,82,8.72,11.6,4,3.13,1,FALSE,572.8,0,,57.52,0.29,104.31
CT,184,510,Month-to-month,Yes,No,0,213.8,105,36.35,159.6,84,13.57,139.2,137,6.26,5,10,1.35,2,FALSE,517.6,0,,57.53,0.29,104.29
