State,Account length,Area code,International plan,Voice mail plan,Number vmail messages,Total day minutes,Total day calls,Total day charge,Total eve minutes,Total eve calls,Total eve charge,Total night minutes,Total night calls,Total night charge,Total intl minutes,Total intl calls,Total intl charge,Customer service calls,Churn,Total Call duration,Complaints,Recharge Frequency,MonthlyCharges,estimated_recharge_freq,Avg_Days_Between_Recharge
LA,117,408,No,No,0,184.5,97,31.37,351.6,80,29.89,215.8,90,9.71,8.7,4,2.35,1,False,760.6,0,,73.32,0.3666,81.83306055646482
IN,65,415,No,No,0,129.1,137,21.95,228.5,83,19.42,208.8,111,9.4,12.7,6,3.43,4,True,579.1,1,,54.2,0.271,110.7011070110701
NY,161,415,No,No,0,332.9,67,56.59,317.8,97,27.01,160.6,128,7.23,5.4,9,1.46,4,True,816.7,1,,92.29,0.46145,65.0124607216383
SC,111,415,No,No,0,110.4,103,18.77,137.3,102,11.67,189.6,105,8.53,7.7,6,2.08,2,False,445.0,0,,41.05,0.20525,146.163215590743
HI,49,510,No,No,0,119.3,117,20.28,215.1,109,18.28,178.7,90,8.04,11.1,1,3.0,1,False,524.2,0,,49.6,0.248,120.96774193548387
AK,36,408,No,Yes,30,146.3,128,24.87,162.5,80,13.81,129.3,109,5.82,14.5,6,3.92,0,False,452.6,0,,48.42,0.2421,123.91573729863693
MI,65,415,No,No,0,211.3,120,35.92,162.6,122,13.82,134.7,118,6.06,13.2,5,3.56,3,False,521.8,0,,59.36,0.2968,101.07816711590296
ID,119,415,No,No,0,159.1,114,27.05,231.3,117,19.66,143.2,91,6.44,8.8,3,2.38,5,True,542.4,1,,55.53,0.27765,108.04970286331712
VA,10,408,No,No,0,186.1,112,31.64,190.2,66,16.17,282.8,57,12.73,11.4,6,3.08,2,False,670.5,0,,63.62,0.3181,94.30996541967934
WI,68,415,No,No,0,148.8,70,25.3,246.5,164,20.95,129.8,103,5.84,12.1,3,3.27,3,False,537.2,0,,55.36,0.2768,108.38150289017341
MN,74,510,No,Yes,33,193.7,91,32.93,246.1,96,20.92,138.0,92,6.21,14.6,3,3.94,2,False,592.4,0,,64.0,0.32,93.75
HI,85,415,No,No,0,235.8,109,40.09,157.2,94,13.36,188.2,99,8.47,12.0,3,3.24,0,False,593.2,0,,65.16,0.3258,92.08103130755065
MN,46,415,No,No,0,214.1,72,36.4,164.4,104,13.97,177.5,113,7.99,8.2,3,2.21,2,False,564.2,0,,60.57,0.30285,99.05894006934126
VT,128,510,No,Yes,29,179.3,104,30.48,225.9,86,19.2,323.0,78,14.54,8.6,7,2.32,0,False,736.8,0,,66.54,0.33270000000000005,90.1713255184851
LA,155,415,No,No,0,203.4,100,34.58,190.9,104,16.23,196.0,119,8.82,8.9,4,2.4,0,True,599.2,0,,62.03,0.31015,96.72738997259391
MT,73,415,No,No,0,160.1,110,27.22,213.3,72,18.13,174.1,72,7.83,13.0,4,3.51,0,False,560.5,0,,56.69,0.28345,105.83877227024168
ID,77,415,No,No,0,251.8,72,42.81,205.7,126,17.48,275.2,109,12.38,9.8,7,2.65,2,True,742.5,0,,75.32,0.3766,79.66011683483802
MA,108,415,No,No,0,178.3,137,30.31,189.0,76,16.07,129.1,102,5.81,14.6,5,3.94,0,False,511.0,0,,56.13,0.28065,106.89470871191875
KY,95,408,No,No,0,135.0,99,22.95,183.6,106,15.61,245.3,102,11.04,12.5,9,3.38,1,False,576.4,0,,52.98,0.26489999999999997,113.25028312570782
MI,36,510,No,Yes,29,281.4,102,47.84,202.2,76,17.19,187.2,113,8.42,9.0,6,2.43,2,False,679.8,0,,75.88,0.37939999999999996,79.07221929362152
CO,141,415,No,Yes,32,148.6,91,25.26,131.1,97,11.14,219.4,142,9.87,10.1,1,2.73,1,False,509.2,0,,49.0,0.245,122.44897959183673
AZ,63,415,No,No,0,58.9,125,10.01,169.6,59,14.42,211.4,88,9.51,9.4,3,2.54,1,False,449.3,0,,36.48,0.18239999999999998,164.47368421052633
ID,97,408,No,No,0,239.8,125,40.77,214.8,111,18.26,143.3,81,6.45,8.7,5,2.35,2,False,606.6,0,,67.83,0.33915,88.45643520566121
CA,75,408,No,No,0,166.3,125,28.27,158.2,86,13.45,256.7,80,11.55,6.1,5,1.65,1,False,587.3,0,,54.92,0.2746,109.24981791697013
WA,127,408,No,No,0,146.7,91,24.94,203.5,78,17.3,203.4,110,9.15,13.7,3,3.7,1,False,567.3,0,,55.09,0.27545000000000003,108.91268832819023
LA,121,408,No,No,0,181.5,121,30.86,218.4,98,18.56,161.6,103,7.27,8.5,5,2.3,1,False,570.0,0,,58.99,0.29495,101.712154602475
NE,117,415,No,No,0,102.8,119,17.48,206.7,91,17.57,299.0,105,13.46,10.1,7,2.73,1,False,618.6,0,,51.24,0.2562,117.096018735363
OH,65,408,No,No,0,187.9,116,31.94,157.6,117,13.4,227.3,86,10.23,7.5,6,2.03,1,False,580.3,0,,57.6,0.28800000000000003,104.16666666666666
MO,6,510,No,No,0,183.6,117,31.21,256.7,72,21.82,178.6,79,8.04,10.2,2,2.75,1,False,629.1,0,,63.82,0.3191,94.01441554371671
AL,32,510,No,No,0,230.9,87,39.25,187.4,90,15.93,154.0,53,6.93,6.3,2,1.7,0,False,578.6,0,,63.81,0.31905,94.02914903620122
NH,64,408,No,Yes,27,182.1,91,30.96,169.7,98,14.42,164.7,86,7.41,10.6,5,2.86,2,False,527.1,0,,55.65,0.27825,107.81671159029649
NM,25,415,No,No,0,119.3,87,20.28,211.5,101,17.98,268.9,86,12.1,10.5,4,2.84,3,False,610.2,0,,53.2,0.266,112.78195488721803
OR,65,415,No,No,0,116.8,87,19.86,178.9,93,15.21,182.4,150,8.21,14.1,2,3.81,1,False,492.2,0,,47.09,0.23545000000000002,127.41558717349754
MI,127,415,No,No,0,202.1,103,34.36,229.4,86,19.5,195.2,113,8.78,11.5,3,3.11,2,False,638.2,0,,65.75,0.32875,91.25475285171103
AZ,93,415,No,No,0,271.6,71,46.17,229.4,108,19.5,77.3,121,3.48,10.9,3,2.94,2,False,589.2,0,,72.09,0.36045,83.22929671244277
TX,208,510,No,No,0,326.5,67,55.51,176.3,113,14.99,181.7,102,8.18,10.7,6,2.89,2,True,695.2,0,,81.57,0.40785,73.5564545788893
IN,122,415,No,No,0,243.8,98,41.45,83.9,72,7.13,179.8,84,8.09,13.7,8,3.7,2,False,521.2,0,,60.37,0.30185,99.38711280437303
LA,99,415,No,No,0,241.1,72,40.99,155.6,98,13.23,188.2,109,8.47,11.6,10,3.13,1,False,596.5,0,,65.82,0.32909999999999995,91.1577028258888
MS,65,415,No,No,0,136.1,112,23.14,272.9,96,23.2,220.2,104,9.91,4.4,2,1.19,1,False,633.6,0,,57.44,0.2872,104.45682451253481
IN,65,415,No,No,0,213.4,111,36.28,234.5,94,19.93,250.1,123,11.25,2.7,4,0.73,1,False,700.7,0,,68.19,0.34095,87.98944126704797
KY,45,415,No,Yes,22,196.6,84,33.42,313.2,92,26.62,163.3,108,7.35,11.9,3,3.21,0,False,685.0,0,,70.6,0.353,84.98583569405099
MN,139,510,No,No,0,134.4,106,22.85,211.3,98,17.96,193.6,125,8.71,10.2,2,2.75,5,True,549.5,1,,52.27,0.26135,114.78859766596517
WY,215,510,No,No,0,83.6,148,14.21,120.9,91,10.28,226.6,110,10.2,10.7,9,2.89,0,False,441.8,0,,37.58,0.18789999999999998,159.6593932943055
AZ,94,408,No,No,0,181.8,85,30.91,202.4,98,17.2,245.9,97,11.07,9.2,2,2.48,4,False,639.3,1,,61.66,0.30829999999999996,97.30781706130394
NM,119,510,No,Yes,23,154.0,114,26.18,278.0,137,23.63,228.4,112,10.28,11.8,4,3.19,2,False,672.2,0,,63.28,0.3164,94.81668773704172
MI,86,510,No,Yes,41,119.0,101,20.23,230.0,134,19.55,236.9,58,10.66,9.5,3,2.57,0,False,595.4,0,,53.01,0.26505,113.18619128466327
FL,106,408,No,Yes,32,165.9,126,28.2,216.5,93,18.4,173.1,86,7.79,14.1,8,3.81,4,False,569.6,1,,58.2,0.29100000000000004,103.09278350515463
KS,92,408,Yes,No,0,62.6,111,10.64,180.6,126,15.35,221.7,80,9.98,10.4,2,2.81,1,True,475.3,0,,38.78,0.19390000000000002,154.71892728210418
SC,78,510,No,No,0,168.3,110,28.61,221.2,73,18.8,241.0,136,10.85,12.5,1,3.38,1,False,643.0,0,,61.64,0.30820000000000003,97.33939000648928
NC,155,408,No,No,0,262.4,55,44.61,194.6,113,16.54,146.5,85,6.59,8.3,6,2.24,2,False,611.8,0,,69.98,0.34990000000000004,85.73878250928836
MO,64,510,No,Yes,48,94.4,104,16.05,136.2,101,11.58,147.4,89,6.63,4.5,4,1.22,0,False,382.5,0,,35.48,0.17739999999999997,169.10935738444195
WA,83,415,No,No,0,221.4,103,37.64,231.8,103,19.7,122.5,100,5.51,9.8,5,2.65,3,False,585.5,0,,65.5,0.3275,91.6030534351145
SD,144,408,No,Yes,48,189.8,96,32.27,123.4,67,10.49,214.2,106,9.64,6.5,2,1.76,2,True,533.9,0,,54.16,0.2708,110.78286558345643
MT,143,415,No,No,0,172.3,97,29.29,174.0,108,14.79,188.2,119,8.47,13.0,4,3.51,2,False,547.5,0,,56.06,0.2803,107.02818408847664
MN,81,415,No,No,0,198.4,93,33.73,210.9,108,17.93,193.3,71,8.7,10.4,6,2.81,2,False,613.0,0,,63.17,0.31585,94.98179515592844
SD,145,408,No,Yes,24,147.5,90,25.08,175.7,108,14.93,252.1,102,11.34,15.6,3,4.21,2,False,590.9,0,,55.56,0.2778,107.9913606911447
OK,89,510,No,No,0,303.9,95,51.66,260.9,114,22.18,312.1,89,14.04,5.3,3,1.43,1,True,882.2,0,,89.31,0.44655,67.18172657037286
CT,199,415,No,Yes,34,230.6,121,39.2,219.4,99,18.65,299.3,94,13.47,8.0,2,2.16,0,False,757.3,0,,73.48,0.3674,81.65487207403375
CT,96,415,No,Yes,37,172.7,93,29.36,120.1,116,10.21,216.1,86,9.72,10.3,5,2.78,5,True,519.2,1,,52.07,0.26035,115.22949875168042
MN,94,415,No,No,0,181.5,98,30.86,199.9,88,16.99,287.7,114,12.95,6.6,5,1.78,1,False,675.7,0,,62.58,0.3129,95.87727708533077
FL,127,415,No,No,0,266.6,106,45.32,264.8,168,22.51,207.2,119,9.32,5.9,2,1.59,1,True,744.5,0,,78.74,0.3937,76.2001524003048
RI,121,408,No,No,0,170.4,108,28.97,350.5,68,29.79,297.0,87,13.37,11.2,3,3.02,0,True,829.1,0,,75.15,0.37575000000000003,79.84031936127744
IN,122,408,No,No,0,296.4,99,50.39,214.8,89,18.26,133.9,107,6.03,11.4,3,3.08,4,True,656.5,1,,77.76,0.38880000000000003,77.1604938271605
AL,121,408,No,Yes,35,68.7,95,11.68,209.2,69,17.78,197.4,42,8.88,11.4,4,3.08,1,False,486.7,0,,41.42,0.2071,144.8575567358764
OR,77,510,No,No,0,233.8,104,39.75,266.5,94,22.65,212.7,104,9.57,7.6,3,2.05,2,False,720.6,0,,74.02,0.3701,81.0591731964334
MS,64,408,Yes,No,0,236.2,77,40.15,218.6,85,18.58,194.1,97,8.73,13.2,2,3.56,2,True,662.1,0,,71.02,0.35509999999999997,84.48324415657562
CA,124,408,Yes,No,0,244.6,89,41.58,188.8,80,16.05,206.0,114,9.27,11.3,4,3.05,1,False,650.7,0,,69.95,0.34975,85.77555396711936
DE,148,415,No,No,0,124.4,83,21.15,179.7,81,15.27,253.0,99,11.39,11.3,6,3.05,0,False,568.4,0,,50.86,0.25429999999999997,117.97090051120725
MS,77,408,No,No,0,230.0,87,39.1,103.2,138,8.77,309.6,136,13.93,11.3,3,3.05,2,False,654.1,0,,64.85,0.32425,92.52120277563608
NC,135,415,No,No,0,201.8,81,34.31,225.0,114,19.13,204.4,82,9.2,10.3,6,2.78,1,False,641.5,0,,65.42,0.3271,91.71507184347294
SD,87,415,No,Yes,21,214.0,113,36.38,180.0,114,15.3,134.5,82,6.05,10.6,5,2.86,0,False,539.1,0,,60.59,0.30295,99.02624195411784
NH,54,510,No,No,0,210.5,102,35.79,204.5,83,17.38,127.8,53,5.75,8.5,5,2.3,1,False,551.3,0,,61.22,0.3061,98.00718719372755
MA,35,415,No,No,0,105.6,129,17.95,258.2,129,21.95,213.1,77,9.59,8.7,3,2.35,0,False,585.6,0,,51.84,0.25920000000000004,115.74074074074072
TX,84,408,No,No,0,138.6,102,23.56,199.0,93,16.92,204.1,137,9.18,7.8,4,2.11,0,False,549.5,0,,51.77,0.25885,115.8972377824995
OR,94,415,No,No,0,234.4,103,39.85,279.3,109,23.74,234.2,121,10.54,2.0,2,0.54,1,True,749.9,0,,74.67,0.37335,80.35355564483729
UT,96,408,No,Yes,26,145.8,108,24.79,192.2,89,16.34,165.1,96,7.43,9.9,2,2.67,1,False,513.0,0,,51.23,0.25615,117.11887565879368
NV,64,415,No,No,0,97.2,80,16.52,186.2,90,15.83,189.0,92,8.5,10.4,6,2.81,2,False,482.8,0,,43.66,0.2183,137.42556115437472
NE,85,415,No,No,0,259.8,85,44.17,242.3,117,20.6,168.8,72,7.6,5.4,1,1.46,0,False,676.3,0,,73.83,0.36915,81.26777732629013
AZ,117,408,No,No,0,239.9,84,40.78,174.8,106,14.86,209.5,93,9.43,9.8,2,2.65,0,False,634.0,0,,67.72,0.3386,88.60011813349084
DC,112,415,No,Yes,16,221.6,110,37.67,130.2,123,11.07,200.0,108,9.0,11.3,3,3.05,1,False,563.1,0,,60.79,0.30395,98.70044415199868
MA,129,510,Yes,No,0,192.9,131,32.79,185.5,101,15.77,205.2,130,9.23,10.9,4,2.94,1,False,594.5,0,,60.73,0.30365,98.79795817553105
AZ,140,408,No,No,0,173.2,91,29.44,196.8,106,16.73,209.3,128,9.42,11.2,5,3.02,3,False,590.5,0,,58.61,0.29305,102.37160894045385
MI,81,415,No,No,0,153.5,99,26.1,197.6,102,16.8,198.5,86,8.93,6.3,2,1.7,2,False,555.9,0,,53.53,0.26765,112.08668036614982
TX,70,510,No,No,0,59.5,103,10.12,257.2,106,21.86,208.3,86,9.37,11.1,6,3.0,0,False,536.1,0,,44.35,0.22175,135.28748590755356
ID,79,510,No,Yes,21,264.3,79,44.93,202.8,118,17.24,173.4,92,7.8,6.3,3,1.7,4,False,646.8,1,,71.67,0.35835,83.71703641691084
AL,85,408,No,No,0,127.9,107,21.74,271.2,124,23.05,202.2,76,9.1,12.5,5,3.38,0,False,613.8,0,,57.27,0.28635,104.76689366160294
SD,91,510,No,No,0,149.0,115,25.33,245.3,105,20.85,260.0,94,11.7,8.3,3,2.24,0,False,662.6,0,,60.12,0.3006,99.80039920159682
LA,149,415,No,Yes,20,198.9,77,33.81,274.0,88,23.29,190.7,76,8.58,14.3,9,3.86,1,False,677.9,0,,69.54,0.3477,86.28127696289904
AZ,60,415,No,No,0,98.2,88,16.69,180.5,69,15.34,223.6,69,10.06,9.3,2,2.51,2,False,511.6,0,,44.6,0.223,134.52914798206277
RI,115,408,No,No,0,147.9,109,25.14,228.4,117,19.41,299.7,90,13.49,9.6,9,2.59,3,False,685.6,0,,60.63,0.30315000000000003,98.96091044037604
OH,144,415,No,Yes,18,106.4,109,18.09,108.1,113,9.19,208.4,111,9.38,10.1,5,2.73,1,False,433.0,0,,39.39,0.19695000000000001,152.3229246001523
AZ,86,415,No,Yes,32,70.9,163,12.05,166.7,121,14.17,244.9,105,11.02,11.1,5,3.0,3,False,493.6,0,,40.24,0.20120000000000002,149.10536779324053
MI,139,415,No,Yes,20,214.6,101,36.48,235.1,132,19.98,162.8,132,7.33,14.8,12,4.0,0,False,627.3,0,,67.79,0.33895000000000003,88.50862959138516
NV,124,408,No,No,0,151.1,123,25.69,187.4,104,15.93,255.4,93,11.49,5.3,3,1.43,1,False,599.2,0,,54.54,0.2727,110.01100110011001
MA,102,510,Yes,No,0,233.8,103,39.75,221.6,131,18.84,146.9,106,6.61,12.8,3,3.46,0,False,615.1,0,,68.66,0.3433,87.3871249635887
IN,78,415,No,No,0,208.9,119,35.51,252.4,132,21.45,280.2,120,12.61,12.8,7,3.46,0,False,754.3,0,,73.03,0.36515000000000003,82.15801725318362
AL,55,415,Yes,No,0,191.9,91,32.62,256.1,110,21.77,203.7,101,9.17,14.3,6,3.86,1,True,666.0,0,,67.42,0.3371,88.99436369029961
RI,129,415,No,Yes,33,119.6,104,20.33,278.7,88,23.69,263.4,175,11.85,5.9,2,1.59,2,False,667.6,0,,57.46,0.2873,104.42046641141664
ME,75,408,Yes,No,0,211.3,61,35.92,105.6,119,8.98,175.9,63,7.92,9.7,4,2.62,4,True,502.5,1,,55.44,0.2772,108.22510822510823
SD,126,415,No,Yes,23,114.3,102,19.43,190.3,103,16.18,240.4,111,10.82,12.6,7,3.4,3,False,557.6,0,,49.83,0.24914999999999998,120.40939193257076
MO,92,415,No,No,0,154.0,122,26.18,329.8,88,28.03,288.0,117,12.96,5.6,2,1.51,3,True,777.4,0,,68.68,0.34340000000000004,87.36167734420499
OK,52,408,No,No,0,214.7,68,36.5,158.6,138,13.48,123.4,114,5.55,9.4,4,2.54,2,False,506.1,0,,58.07,0.29035,103.32357499569486
IL,87,510,No,No,0,231.3,105,39.32,171.7,108,14.59,67.7,136,3.05,13.0,6,3.51,1,False,483.7,0,,60.47,0.30235,99.2227550851662
NJ,95,415,No,Yes,22,40.9,126,6.95,133.4,90,11.34,264.2,91,11.89,11.9,7,3.21,0,False,450.4,0,,33.39,0.16695000000000002,179.6945193171608
LA,67,510,No,No,0,310.4,97,52.77,66.5,123,5.65,246.5,99,11.09,9.2,10,2.48,4,False,632.6,1,,71.99,0.35995,83.344909015141
OR,165,415,No,No,0,216.6,126,36.82,190.8,104,16.22,224.7,123,10.11,12.4,8,3.35,0,False,644.5,0,,66.5,0.3325,90.22556390977444
RI,150,415,No,Yes,29,209.9,77,35.68,158.0,52,13.43,141.9,113,6.39,6.6,1,1.78,0,False,516.4,0,,57.28,0.2864,104.74860335195531
NC,26,415,No,No,0,234.5,109,39.87,216.5,129,18.4,191.6,94,8.62,3.5,6,0.95,3,False,646.1,0,,67.84,0.3392,88.44339622641509
MD,79,510,No,Yes,31,103.1,90,17.53,243.0,135,20.66,76.4,92,3.44,12.2,8,3.29,3,False,434.7,0,,44.92,0.22460000000000002,133.5707925200356
WI,69,510,Yes,No,0,279.8,90,47.57,248.7,91,21.14,171.0,118,7.69,8.4,10,2.27,2,True,707.9,0,,78.67,0.39335000000000003,76.26795474768018
VT,95,510,Yes,Yes,41,136.8,91,23.26,200.8,61,17.07,133.7,67,6.02,10.3,9,2.78,5,True,481.6,1,,49.13,0.24565,122.12497455729697
NY,157,415,No,No,0,224.5,111,38.17,200.7,99,17.06,116.6,118,5.25,11.5,2,3.11,2,False,553.3,0,,63.59,0.31795,94.35445824815223
VT,80,415,No,No,0,160.6,103,27.3,237.0,109,20.15,245.1,88,11.03,10.7,1,2.89,1,False,653.4,0,,61.37,0.30685,97.76763891152028
AZ,75,510,No,Yes,37,121.5,97,20.66,271.4,110,23.07,248.7,97,11.19,11.3,5,3.05,2,False,652.9,0,,57.97,0.28985,103.50181128169743
WV,44,510,No,No,0,228.1,121,38.78,276.5,79,23.5,279.8,77,12.59,9.9,5,2.67,2,True,794.3,0,,77.54,0.38770000000000004,77.37941707505803
OK,101,408,No,No,0,89.7,118,15.25,260.1,79,22.11,170.1,93,7.65,13.5,11,3.65,5,True,533.4,1,,48.66,0.2433,123.30456226880395
WI,117,408,No,Yes,14,80.2,81,13.63,219.0,103,18.62,122.6,102,5.52,8.6,2,2.32,1,False,430.4,0,,40.09,0.20045000000000002,149.66325767024193
PA,82,408,No,No,0,125.7,96,21.37,207.6,137,17.65,183.1,103,8.24,12.9,2,3.48,1,False,529.3,0,,50.74,0.25370000000000004,118.24990145841544
NY,39,408,No,No,0,160.4,68,27.27,102.6,103,8.72,235.3,106,10.59,9.1,5,2.46,2,False,507.4,0,,49.04,0.2452,122.34910277324633
NM,30,415,No,No,0,169.9,144,28.88,225.2,118,19.14,169.7,93,7.64,11.4,7,3.08,1,False,576.2,0,,58.74,0.2937,102.14504596527068
NC,63,415,No,Yes,29,142.3,107,24.19,118.7,56,10.09,240.1,91,10.8,6.6,8,1.78,1,False,507.7,0,,46.86,0.2343,128.04097311139563
WY,111,415,No,No,0,146.2,55,24.85,261.5,83,22.23,163.2,116,7.34,8.7,3,2.35,3,False,579.6,0,,56.77,0.28385,105.68962480183195
PA,91,510,No,No,0,231.8,120,39.41,150.6,106,12.8,269.2,129,12.11,11.6,7,3.13,3,False,663.2,0,,67.45,0.33725,88.95478131949592
NV,105,415,Yes,Yes,29,220.7,82,37.52,217.7,110,18.5,190.5,100,8.57,13.2,6,3.56,1,True,642.1,0,,68.15,0.34075000000000005,88.04108584005868
WA,166,408,Yes,Yes,35,128.2,138,21.79,274.5,113,23.33,298.9,130,13.45,8.8,7,2.38,2,False,710.4,0,,60.95,0.30475,98.44134536505331
FL,79,510,No,No,0,130.2,119,22.13,290.9,121,24.73,194.8,140,8.77,14.0,6,3.78,3,False,629.9,0,,59.41,0.29705,100.99309880491501
ME,105,408,No,Yes,33,209.6,68,35.63,146.9,140,12.49,121.0,131,5.44,10.6,3,2.86,2,False,488.1,0,,56.42,0.2821,106.3452676355902
LA,172,415,No,No,0,215.7,140,36.67,146.3,84,12.44,264.6,83,11.91,7.1,1,1.92,3,False,633.7,0,,62.94,0.3147,95.32888465204958
KS,121,408,No,No,0,150.7,105,25.62,197.3,133,16.77,169.0,116,7.61,9.2,15,2.48,1,False,526.2,0,,52.48,0.26239999999999997,114.32926829268294
ND,88,415,No,No,0,161.5,92,27.46,173.5,108,14.75,206.2,95,9.28,7.9,4,2.13,2,False,549.1,0,,53.62,0.2681,111.89854531891085
WV,153,408,No,Yes,28,235.6,74,40.05,227.9,37,19.37,170.3,103,7.66,15.4,9,4.16,0,False,649.2,0,,71.24,0.35619999999999996,84.22234699606963
AR,54,415,No,Yes,39,206.9,143,35.17,127.8,72,10.86,199.2,120,8.96,9.2,1,2.48,3,False,543.1,0,,57.47,0.28735,104.40229685053072
CA,79,510,No,No,0,157.6,85,26.79,194.1,92,16.5,231.5,86,10.42,9.4,10,2.54,5,True,592.6,1,,56.25,0.28125,106.66666666666667
MN,55,415,No,No,0,175.6,147,29.85,161.8,118,13.75,289.5,55,13.03,9.3,4,2.51,0,False,636.2,0,,59.14,0.2957,101.45417653026716
MT,109,408,No,No,0,264.7,69,45.0,305.0,120,25.93,197.4,86,8.88,9.5,9,2.57,1,True,776.6,0,,82.38,0.4119,72.83321194464676
SD,65,408,No,Yes,31,282.3,70,47.99,152.0,89,12.92,225.5,93,10.15,12.0,4,3.24,1,False,671.8,0,,74.3,0.3715,80.75370121130553
MT,27,510,No,No,0,193.8,102,32.95,118.9,104,10.11,135.9,124,6.12,9.2,3,2.48,0,False,457.8,0,,51.66,0.2583,116.14401858304298
WV,32,408,No,Yes,26,266.7,109,45.34,232.3,107,19.75,212.8,98,9.58,16.3,4,4.4,1,False,728.1,0,,79.07,0.39535,75.88212975844189
CT,3,415,No,Yes,36,118.1,117,20.08,221.5,125,18.83,103.9,89,4.68,11.9,6,3.21,2,False,455.4,0,,46.8,0.23399999999999999,128.2051282051282
DE,119,415,No,No,0,176.8,90,30.06,224.7,81,19.1,204.6,77,9.21,7.5,15,2.03,1,False,613.6,0,,60.4,0.302,99.33774834437087
LA,43,415,No,No,0,241.9,101,41.12,129.4,121,11.0,264.8,104,11.92,5.9,3,1.59,1,False,642.0,0,,65.63,0.32815,91.42160597287825
KS,116,510,No,No,0,189.5,90,32.22,189.8,118,16.13,205.8,83,9.26,13.1,2,3.54,1,False,598.2,0,,61.15,0.30574999999999997,98.11937857726902
WV,107,415,No,No,0,123.1,100,20.93,158.4,82,13.46,256.1,82,11.52,9.3,5,2.51,0,False,546.9,0,,48.42,0.2421,123.91573729863693
ND,123,408,No,No,0,159.1,94,27.05,241.6,119,20.54,202.4,120,9.11,6.5,1,1.76,1,False,609.6,0,,58.46,0.2923,102.63427984946972
AK,110,408,No,No,0,100.1,90,17.02,233.3,93,19.83,204.4,57,9.2,11.1,8,3.0,3,False,548.9,0,,49.05,0.24525,122.32415902140673
ME,176,415,No,No,0,223.2,76,37.94,214.4,131,18.22,154.4,80,6.95,10.1,2,2.73,3,False,602.1,0,,65.84,0.3292,91.13001215066829
MN,13,510,No,Yes,21,315.6,105,53.65,208.9,71,17.76,260.1,123,11.7,12.1,3,3.27,3,False,796.7,0,,86.38,0.43189999999999995,69.4605232692753
KS,88,415,No,No,0,189.8,111,32.27,197.3,101,16.77,234.5,111,10.55,14.9,3,4.02,2,False,636.5,0,,63.61,0.31805,94.32479169941833
NJ,92,510,No,Yes,29,155.4,110,26.42,188.5,104,16.02,254.9,118,11.47,8.0,4,2.16,3,False,606.8,0,,56.07,0.28035,107.00909577314071
WI,165,510,No,No,0,154.2,91,26.21,268.6,108,22.83,188.8,99,8.5,10.9,4,2.94,6,False,622.5,1,,60.48,0.3024,99.2063492063492
AR,156,415,No,No,0,178.8,94,30.4,178.4,97,15.16,169.2,77,7.61,7.5,3,2.03,1,False,533.9,0,,55.2,0.276,108.69565217391303
WA,63,408,No,No,0,149.3,104,25.38,273.6,75,23.26,206.6,72,9.3,9.1,4,2.46,0,False,638.6,0,,60.4,0.302,99.33774834437087
ID,83,415,Yes,Yes,32,94.7,111,16.1,154.4,98,13.12,200.4,109,9.02,10.6,6,2.86,2,False,460.1,0,,41.1,0.20550000000000002,145.985401459854
VA,158,415,No,No,0,222.8,101,37.88,203.0,128,17.26,210.6,106,9.48,6.9,2,1.86,2,False,643.3,0,,66.48,0.33240000000000003,90.25270758122743
WV,115,510,Yes,No,0,249.9,95,42.48,242.5,104,20.61,151.7,121,6.83,15.3,6,4.13,1,True,659.4,0,,74.05,0.37024999999999997,81.02633355840649
UT,103,510,No,Yes,36,87.2,92,14.82,169.3,110,14.39,166.7,80,7.5,10.9,5,2.94,6,True,434.1,1,,39.65,0.19824999999999998,151.32408575031528
NJ,64,415,No,No,0,224.8,111,38.22,190.0,101,16.15,221.4,110,9.96,9.2,2,2.48,1,False,645.4,0,,66.81,0.33405,89.80691513246519
MS,86,510,No,Yes,39,261.2,122,44.4,214.2,101,18.21,154.9,101,6.97,12.7,5,3.43,2,False,643.0,0,,73.01,0.36505000000000004,82.1805232159978
ME,151,415,No,Yes,26,196.5,98,33.41,175.8,111,14.94,221.8,124,9.98,13.4,5,3.62,0,False,607.5,0,,61.95,0.30975,96.85230024213074
NM,87,510,Yes,No,0,167.3,119,28.44,198.5,119,16.87,133.1,88,5.99,11.0,6,2.97,1,False,509.9,0,,54.27,0.27135000000000004,110.55831951354338
TX,90,415,No,No,0,109.6,88,18.63,137.6,108,11.7,159.7,121,7.19,11.0,5,2.97,2,False,417.9,0,,40.49,0.20245000000000002,148.18473697209186
LA,108,510,No,Yes,30,276.6,99,47.02,220.1,113,18.71,177.9,95,8.01,9.8,6,2.65,2,False,684.4,0,,76.39,0.38195,78.54431208273334
TN,33,415,No,Yes,35,186.8,124,31.76,261.0,69,22.19,317.8,103,14.3,15.0,5,4.05,0,False,780.6,0,,72.3,0.3615,82.98755186721992
WI,149,415,Yes,Yes,28,126.9,97,21.57,166.9,102,14.19,145.2,77,6.53,8.8,3,2.38,5,True,447.8,1,,44.67,0.22335000000000002,134.31833445265278
MT,106,510,No,No,0,169.4,107,28.8,197.2,71,16.76,202.2,79,9.1,10.7,4,2.89,1,False,579.5,0,,57.55,0.28775,104.25716768027802
ND,167,408,Yes,No,0,219.1,100,37.25,242.9,90,20.65,168.9,101,7.6,10.1,4,2.73,2,False,641.0,0,,68.23,0.34115,87.93785724754507
WI,35,510,No,Yes,27,241.7,87,41.09,142.0,101,12.07,288.9,68,13.0,9.4,4,2.54,1,False,682.0,0,,68.7,0.3435,87.3362445414847
MO,107,415,No,Yes,22,281.1,83,47.79,143.7,130,12.21,239.4,128,10.77,11.2,9,3.02,1,False,675.4,0,,73.79,0.36895000000000006,81.31183087139178
AZ,92,415,Yes,Yes,45,281.1,88,47.79,198.0,103,16.83,94.3,76,4.24,7.5,3,2.03,0,False,580.9,0,,70.89,0.35445,84.63817181548879
VT,38,415,No,No,0,137.8,86,23.43,286.3,76,24.34,167.0,77,7.52,14.1,3,3.81,2,False,605.2,0,,59.1,0.2955,101.52284263959392
VA,68,408,Yes,No,0,148.5,126,25.25,219.4,125,18.65,198.5,121,8.93,14.5,7,3.92,1,True,580.9,0,,56.75,0.28375,105.72687224669603
NE,123,510,No,No,0,194.0,118,32.98,242.0,114,20.57,146.3,108,6.58,12.1,4,3.27,1,False,594.4,0,,63.4,0.317,94.6372239747634
WA,75,510,No,Yes,41,130.9,115,22.25,203.4,110,17.29,171.7,68,7.73,12.4,4,3.35,1,False,518.4,0,,50.62,0.2531,118.5302252074279
NM,153,408,No,No,0,185.3,127,31.5,208.0,73,17.68,206.1,124,9.27,15.1,3,4.08,1,False,614.5,0,,62.53,0.31265,95.95394210778827
FL,143,415,No,No,0,119.1,117,20.25,287.7,136,24.45,223.0,100,10.04,12.2,4,3.29,0,False,642.0,0,,58.03,0.29015,103.3947957952783
SC,87,408,No,No,0,322.5,106,54.83,204.6,93,17.39,186.2,128,8.38,9.4,4,2.54,2,True,722.7,0,,83.14,0.4157,72.1674284339668
IN,100,510,No,No,0,216.2,107,36.75,215.6,84,18.33,138.4,127,6.23,10.2,3,2.75,0,False,580.4,0,,64.06,0.32030000000000003,93.66219169528566
FL,144,415,No,Yes,51,283.9,98,48.26,192.0,109,16.32,196.3,85,8.83,10.0,4,2.7,1,False,682.2,0,,76.11,0.38055,78.83326763894364
ND,70,415,No,Yes,31,125.9,101,21.4,196.4,102,16.69,252.7,75,11.37,10.3,4,2.78,1,False,585.3,0,,52.24,0.2612,114.85451761102604
MA,136,408,Yes,No,0,199.6,89,33.93,211.4,96,17.97,72.4,84,3.26,11.0,4,2.97,3,True,494.4,0,,58.13,0.29065,103.21692757612247
MO,120,415,No,Yes,24,212.7,73,36.16,257.5,103,21.89,227.8,119,10.25,9.7,13,2.62,2,False,707.7,0,,70.92,0.3546,84.60236886632825
WY,104,408,No,No,0,183.6,133,31.21,120.7,98,10.26,215.1,112,9.68,12.7,2,3.43,1,False,532.1,0,,54.58,0.2729,109.93037742762918
CA,75,510,No,Yes,38,163.6,132,27.81,146.7,113,12.47,345.8,115,15.56,13.1,3,3.54,3,False,669.2,0,,59.38,0.2969,101.04412260020209
NE,127,510,Yes,No,0,180.9,114,30.75,209.5,118,17.81,249.9,105,11.25,7.4,4,2.0,2,False,647.7,0,,61.81,0.30905,97.0716712506067
ID,122,510,No,Yes,33,270.8,96,46.04,220.4,110,18.73,169.9,104,7.65,11.8,8,3.19,4,False,672.9,1,,75.61,0.37805,79.35458272715249
VT,124,415,No,No,0,178.4,72,30.33,233.6,134,19.86,179.4,91,8.07,12.0,2,3.24,0,False,603.4,0,,61.5,0.3075,97.5609756097561
MO,167,415,Yes,No,0,244.8,91,41.62,60.8,105,5.17,176.7,110,7.95,10.7,3,2.89,2,False,493.0,0,,57.63,0.28815,104.11244143675168
VA,89,415,No,Yes,32,209.9,113,35.68,249.8,104,21.23,224.2,92,10.09,8.7,7,2.35,1,False,692.6,0,,69.35,0.34674999999999995,86.51766402307139
VT,73,408,No,No,0,213.0,95,36.21,188.8,104,16.05,136.2,89,6.13,13.5,3,3.65,0,False,551.5,0,,62.04,0.3102,96.71179883945842
MS,1,415,No,No,0,144.8,107,24.62,112.5,66,9.56,218.7,79,9.84,13.8,3,3.73,1,False,489.8,0,,47.75,0.23875,125.65445026178011
KY,60,408,No,No,0,135.4,134,23.02,205.9,85,17.5,204.0,103,9.18,7.9,4,2.13,1,False,553.2,0,,51.83,0.25915,115.76307158016593
WV,77,510,No,No,0,67.7,68,11.51,195.7,86,16.63,236.5,137,10.64,12.0,2,3.24,1,False,511.9,0,,42.02,0.2101,142.78914802475012
DC,76,415,No,No,0,224.4,121,38.15,147.9,97,12.57,183.8,74,8.27,6.7,2,1.81,2,False,562.8,0,,60.8,0.304,98.6842105263158
IA,63,510,No,No,0,153.5,81,26.1,287.3,115,24.42,230.2,85,10.36,6.5,5,1.76,2,False,677.5,0,,62.64,0.3132,95.78544061302682
MN,150,415,No,Yes,28,174.4,75,29.65,169.9,80,14.44,201.6,130,9.07,11.0,4,2.97,1,False,556.9,0,,56.13,0.28065,106.89470871191875
VT,101,415,No,No,0,153.8,89,26.15,234.0,89,19.89,196.3,77,8.83,11.6,2,3.13,4,False,595.7,1,,58.0,0.29,103.44827586206897
AK,132,415,No,Yes,39,175.7,93,29.87,187.2,94,15.91,225.5,118,10.15,8.6,3,2.32,2,False,597.0,0,,58.25,0.29125,103.00429184549355
CA,158,510,No,No,0,155.9,123,26.5,224.2,112,19.06,221.0,116,9.95,8.6,8,2.32,2,False,609.7,0,,57.83,0.28915,103.75237765865467
MS,114,415,No,Yes,34,154.4,109,26.25,221.4,142,18.82,208.5,103,9.38,10.3,5,2.78,0,False,594.6,0,,57.23,0.28614999999999996,104.84011881880134
AR,77,415,No,Yes,23,209.7,73,35.65,183.6,63,15.61,205.5,111,9.25,7.1,3,1.92,2,False,605.9,0,,62.43,0.31215,96.10764055742432
NJ,107,415,No,No,0,212.1,95,36.06,150.1,88,12.76,219.8,111,9.89,7.7,2,2.08,3,False,589.7,0,,60.79,0.30395,98.70044415199868
NJ,48,510,No,Yes,22,152.0,63,25.84,258.8,131,22.0,263.2,109,11.84,15.7,5,4.24,2,True,689.7,0,,63.92,0.3196,93.86733416770964
TN,59,415,No,No,0,160.9,95,27.35,251.2,65,21.35,273.4,97,12.3,5.0,5,1.35,3,False,690.5,0,,62.35,0.31175,96.23095429029671
DE,129,510,No,No,0,334.3,118,56.83,192.1,104,16.33,191.0,83,8.59,10.4,6,2.81,0,True,727.8,0,,84.56,0.4228,70.95553453169347
TX,50,510,No,No,0,188.9,94,32.11,203.9,104,17.33,151.8,124,6.83,11.6,8,3.13,3,False,556.2,0,,59.4,0.297,101.01010101010101
MI,50,415,No,Yes,35,192.6,97,32.74,135.2,101,11.49,216.2,101,9.73,7.9,2,2.13,2,False,551.9,0,,56.09,0.28045000000000003,106.97093956141913
MS,116,415,No,No,0,217.3,91,36.94,216.1,95,18.37,148.1,76,6.66,11.3,3,3.05,2,False,592.8,0,,65.02,0.3251,92.27929867733005
OK,52,510,No,Yes,38,169.3,88,28.78,225.9,97,19.2,172.0,86,7.74,8.2,3,2.21,0,False,575.4,0,,57.93,0.28965,103.57327809425168
ND,12,510,Yes,No,0,216.7,117,36.84,116.5,126,9.9,220.0,110,9.9,9.8,4,2.65,2,False,563.0,0,,59.29,0.29645,101.1975037949064
ND,105,510,No,No,0,246.4,83,41.89,256.2,101,21.78,169.0,151,7.61,3.8,4,1.03,0,False,675.4,0,,72.31,0.36155000000000004,82.97607523164153
NY,104,415,No,No,0,156.2,93,26.55,193.0,54,16.41,222.7,94,10.02,13.1,5,3.54,1,False,585.0,0,,56.52,0.2826,106.15711252653927
WV,13,415,No,No,0,146.4,74,24.89,148.5,92,12.62,216.7,96,9.75,11.3,3,3.05,1,False,522.9,0,,50.31,0.25155,119.26058437686345
WV,67,408,No,No,0,167.8,91,28.53,167.7,69,14.25,110.3,71,4.96,8.4,12,2.27,1,False,454.2,0,,50.01,0.25005,119.9760047990402
DC,148,415,No,Yes,11,252.9,129,42.99,284.3,88,24.17,262.8,99,11.83,12.3,1,3.32,1,False,812.3,0,,82.31,0.41155,72.89515247236058
MN,116,510,No,No,0,201.8,82,34.31,231.5,95,19.68,226.1,130,10.17,16.5,5,4.46,0,False,675.9,0,,68.62,0.3431,87.43806470416787
DE,131,408,No,No,0,94.4,80,16.05,215.1,101,18.28,179.7,108,8.09,13.1,9,3.54,2,False,502.3,0,,45.96,0.2298,130.54830287206266
VT,119,510,No,No,0,190.4,74,32.37,215.6,113,18.33,161.2,111,7.25,10.0,1,2.7,2,False,577.2,0,,60.65,0.30325,98.9282769991756
NY,94,510,Yes,No,0,243.2,109,41.34,147.0,88,12.5,94.9,99,4.27,7.2,4,1.94,4,False,492.3,1,,60.05,0.30024999999999996,99.91673605328894
TX,217,408,No,No,0,176.4,115,29.99,158.8,128,13.5,306.6,107,13.8,9.3,3,2.51,4,False,651.1,1,,59.8,0.299,100.33444816053512
OR,161,415,No,No,0,178.1,109,30.28,146.5,86,12.45,137.6,78,6.19,8.5,2,2.3,1,False,470.7,0,,51.22,0.2561,117.14174150722374
KS,67,408,No,No,0,201.4,101,34.24,97.6,122,8.3,202.5,119,9.11,7.0,3,1.89,0,False,508.5,0,,53.54,0.2677,112.06574523720583
ND,132,415,No,Yes,31,174.5,101,29.67,245.6,105,20.88,172.8,76,7.78,10.3,9,2.78,1,False,603.2,0,,61.11,0.30555,98.18360333824252
PA,134,408,No,No,0,205.3,122,34.9,240.5,155,20.44,179.1,107,8.06,5.0,9,1.35,1,False,629.9,0,,64.75,0.32375,92.66409266409266
NY,44,510,No,No,0,143.2,77,24.34,169.8,114,14.43,215.8,77,9.71,7.6,4,2.05,1,False,536.4,0,,50.53,0.25265,118.74134177716209
WY,53,415,No,Yes,27,25.9,119,4.4,206.5,96,17.55,228.1,64,10.26,6.5,7,1.76,1,False,467.0,0,,33.97,0.16985,176.6264350897851
NY,108,415,No,No,0,154.2,123,26.21,112.3,86,9.55,246.4,75,11.09,15.4,4,4.16,4,True,528.3,1,,51.01,0.25505,117.62399529504019
ME,80,408,No,No,0,322.3,113,54.79,222.0,95,18.87,162.8,123,7.33,6.7,8,1.81,0,True,713.8,0,,82.8,0.414,72.46376811594203
SD,88,415,No,No,0,215.6,115,36.65,216.2,85,18.38,171.3,65,7.71,11.8,1,3.19,3,False,614.9,0,,65.93,0.32965000000000005,91.00561201274077
UT,82,510,Yes,No,0,208.8,101,35.5,213.7,87,18.16,175.1,86,7.88,12.4,6,3.35,3,False,610.0,0,,64.89,0.32445,92.46417013407304
AK,115,415,No,No,0,245.2,105,41.68,159.0,109,13.52,229.9,74,10.35,7.2,8,1.94,0,False,641.3,0,,67.49,0.33744999999999997,88.90205956437991
RI,93,415,No,No,0,98.4,78,16.73,249.6,129,21.22,248.2,114,11.17,14.2,4,3.83,1,False,610.4,0,,52.95,0.26475000000000004,113.31444759206798
AL,72,415,No,No,0,217.8,93,37.03,189.7,113,16.12,182.6,91,8.22,10.4,5,2.81,4,False,600.5,1,,64.18,0.3209,93.48706762231224
DE,98,415,No,Yes,29,179.9,97,30.58,189.2,89,16.08,164.3,76,7.39,12.8,7,3.46,3,False,546.2,0,,57.51,0.28755,104.32968179447053
ID,118,415,No,No,0,140.4,112,23.87,187.1,60,15.9,207.9,155,9.36,7.9,1,2.13,0,False,543.3,0,,51.26,0.2563,117.05033164260634
MO,55,510,No,No,0,189.0,100,32.13,118.5,99,10.07,248.1,87,11.16,17.1,6,4.62,0,False,572.7,0,,57.98,0.2899,103.48395998620214
IL,130,415,No,No,0,155.9,95,26.5,256.1,97,21.77,262.9,103,11.83,11.7,3,3.16,3,False,686.6,0,,63.26,0.31629999999999997,94.84666455896301
FL,136,408,Yes,No,0,199.2,122,33.86,214.7,114,18.25,150.9,105,6.79,11.8,7,3.19,1,False,576.6,0,,62.09,0.31045,96.63391850539539
KY,107,415,No,No,0,157.1,79,26.71,162.6,124,13.82,150.0,138,6.75,12.1,6,3.27,1,False,481.8,0,,50.55,0.25275,118.69436201780417
MI,91,415,No,No,0,154.4,165,26.25,168.3,121,14.31,239.9,81,10.8,11.7,4,3.16,5,True,574.3,1,,54.52,0.2726,110.05135730007336
NY,167,415,No,No,0,166.4,85,28.29,243.2,135,20.67,229.2,95,10.31,9.9,5,2.67,1,False,648.7,0,,61.94,0.3097,96.86793671294802
KS,159,415,No,Yes,19,184.1,78,31.3,194.5,71,16.53,225.6,101,10.15,16.9,3,4.56,0,False,621.1,0,,62.54,0.3127,95.93859929645028
PA,122,415,No,No,0,35.1,62,5.97,180.8,89,15.37,251.6,58,11.32,12.7,2,3.43,1,False,480.2,0,,36.09,0.18045000000000003,166.25103906899415
MI,105,415,No,Yes,29,179.4,113,30.5,275.4,100,23.41,246.1,105,11.07,10.0,5,2.7,0,False,710.9,0,,67.68,0.33840000000000003,88.65248226950354
NH,155,408,No,No,0,216.7,30,36.84,144.3,125,12.27,135.3,106,6.09,10.8,1,2.92,2,False,507.1,0,,58.12,0.29059999999999997,103.23468685478322
WA,161,415,No,No,0,151.6,117,25.77,219.4,87,18.65,224.7,68,10.11,4.0,5,1.08,1,False,599.7,0,,55.61,0.27805,107.89426362165078
NY,122,415,No,No,0,173.6,110,29.51,91.7,84,7.79,211.7,103,9.53,9.7,7,2.62,3,False,486.7,0,,49.45,0.24725000000000003,121.33468149646106
MD,37,415,Yes,No,0,106.6,76,18.12,147.4,89,12.53,235.8,113,10.61,9.6,8,2.59,2,False,499.4,0,,43.85,0.21925,136.83010262257696
KS,128,415,No,No,0,103.3,122,17.56,245.9,123,20.9,161.1,95,7.25,6.4,7,1.73,0,False,516.7,0,,47.44,0.2372,126.47554806070826
DE,89,510,Yes,No,0,125.6,108,21.35,213.0,90,18.11,181.7,108,8.18,5.4,5,1.46,1,False,525.7,0,,49.1,0.2455,122.19959266802444
IN,108,415,No,No,0,199.3,104,33.88,224.2,92,19.06,140.1,57,6.3,15.2,2,4.1,0,False,578.8,0,,63.34,0.31670000000000004,94.72687085569939
VT,109,408,No,No,0,222.2,113,37.77,218.5,122,18.57,266.0,88,11.97,10.9,5,2.94,1,False,717.6,0,,71.25,0.35625,84.21052631578947
WA,29,415,No,No,0,157.4,122,26.76,145.0,75,12.33,281.8,92,12.68,9.3,2,2.51,1,False,593.5,0,,54.28,0.27140000000000003,110.53795136330139
NM,119,415,Yes,Yes,15,160.0,95,27.2,209.5,110,17.81,82.3,107,3.7,8.7,5,2.35,5,True,460.5,1,,51.06,0.2553,117.50881316098706
MO,86,415,No,No,0,83.5,96,14.2,221.1,63,18.79,349.7,75,15.74,12.6,3,3.4,0,False,666.9,0,,52.13,0.26065,115.09687320161136
IA,92,510,No,Yes,25,134.0,112,22.78,206.0,111,17.51,180.6,118,8.13,9.7,4,2.62,0,False,530.3,0,,51.04,0.2552,117.55485893416929
WA,13,510,No,Yes,25,176.6,65,30.02,172.7,96,14.68,104.5,128,4.7,11.3,5,3.05,2,False,465.1,0,,52.45,0.26225000000000004,114.39466158245946
CT,144,510,Yes,Yes,35,174.8,127,29.72,219.6,93,18.67,255.8,90,11.51,12.8,3,3.46,0,False,663.0,0,,63.36,0.31679999999999997,94.6969696969697
NH,139,510,No,No,0,221.3,140,37.62,157.8,89,13.41,192.5,89,8.66,11.3,6,3.05,1,False,582.9,0,,62.74,0.31370000000000003,95.6327701625757
LA,95,415,No,No,0,141.1,84,23.99,211.4,108,17.97,103.7,127,4.67,5.9,6,1.59,3,False,462.1,0,,48.22,0.24109999999999998,124.4296972210701
ME,80,408,No,Yes,31,166.4,92,28.29,238.3,74,20.26,150.7,84,6.78,10.7,4,2.89,4,False,566.1,1,,58.22,0.29109999999999997,103.05736860185505
MT,113,415,No,No,0,215.9,93,36.7,240.1,85,20.41,156.7,123,7.05,4.9,5,1.32,3,False,617.6,0,,65.48,0.3274,91.6310323762981
ID,88,415,No,Yes,31,181.6,91,30.87,213.2,120,18.12,207.8,104,9.35,11.4,4,3.08,1,False,614.0,0,,61.42,0.3071,97.68804949527842
UT,74,415,No,No,0,106.4,84,18.09,140.2,104,11.92,90.9,81,4.09,11.4,3,3.08,1,False,348.9,0,,37.18,0.1859,161.37708445400753
IL,48,510,No,No,0,128.2,71,21.79,48.1,78,4.09,116.3,80,5.23,8.9,3,2.4,0,False,301.5,0,,33.51,0.16754999999999998,179.0510295434199
AZ,163,510,No,No,0,178.7,56,30.38,215.7,79,18.33,152.7,84,6.87,10.6,2,2.86,4,False,557.7,1,,58.44,0.2922,102.6694045174538
ID,56,510,No,No,0,150.9,79,25.65,161.8,87,13.75,167.7,115,7.55,11.7,5,3.16,3,False,492.1,0,,50.11,0.25055,119.7365795250449
TX,64,415,No,No,0,168.0,116,28.56,192.4,94,16.35,166.5,98,7.49,10.1,3,2.73,2,False,537.0,0,,55.13,0.27565,108.83366588064574
MT,116,415,No,Yes,35,182.8,122,31.08,212.7,119,18.08,193.8,103,8.72,11.0,2,2.97,1,False,600.3,0,,60.85,0.30425,98.60312243221034
PA,101,415,Yes,No,0,193.7,108,32.93,186.6,98,15.86,223.0,100,10.04,11.6,8,3.13,0,False,614.9,0,,61.96,0.3098,96.83666881859263
RI,85,415,Yes,No,0,197.2,97,33.52,211.7,115,17.99,210.1,133,9.45,8.3,4,2.24,4,False,627.3,1,,63.2,0.316,94.9367088607595
NH,90,415,No,No,0,76.1,121,12.94,290.3,73,24.68,236.9,89,10.66,10.8,3,2.92,0,False,614.1,0,,51.2,0.256,117.1875
UT,73,415,No,No,0,182.3,115,30.99,199.2,97,16.93,120.2,113,5.41,18.0,5,4.86,1,False,519.7,0,,58.19,0.29095,103.11050008592542
NH,55,408,No,Yes,20,189.3,95,32.18,118.6,113,10.08,250.2,102,11.26,12.5,4,3.38,2,False,570.6,0,,56.9,0.2845,105.4481546572935
AK,76,415,No,Yes,22,160.1,107,27.22,168.7,136,14.34,23.2,102,1.04,9.5,4,2.57,3,False,361.5,0,,45.17,0.22585,132.83152534868276
AZ,157,415,No,No,0,220.7,105,37.52,119.3,127,10.14,165.1,113,7.43,11.5,7,3.11,4,False,516.6,1,,58.2,0.29100000000000004,103.09278350515463
NJ,131,415,No,No,0,211.8,115,36.01,260.5,102,22.14,144.2,96,6.49,10.8,7,2.92,0,False,627.3,0,,67.56,0.3378,88.80994671403198
MI,51,415,No,No,0,229.7,129,39.05,336.0,104,28.56,192.8,128,8.68,9.6,1,2.59,1,True,768.1,0,,78.88,0.3944,76.06490872210954
ID,166,415,No,No,0,220.7,106,37.52,177.8,118,15.11,206.1,102,9.27,12.4,9,3.35,1,False,617.0,0,,65.25,0.32625,91.95402298850576
OR,66,408,No,No,0,87.6,76,14.89,262.0,111,22.27,184.6,125,8.31,9.2,5,2.48,1,False,543.4,0,,47.95,0.23975000000000002,125.1303441084463
UT,49,415,No,No,0,266.3,90,45.27,207.8,117,17.66,205.0,98,9.23,14.0,2,3.78,2,True,693.1,0,,75.94,0.3797,79.00974453515934
LA,89,415,No,No,0,141.1,92,23.99,249.1,126,21.17,136.0,73,6.12,10.8,2,2.92,2,False,537.0,0,,54.2,0.271,110.7011070110701
WI,90,415,No,No,0,200.9,92,34.15,164.3,91,13.97,249.0,98,11.21,8.9,7,2.4,1,False,623.1,0,,61.73,0.30865,97.19747286570549
ID,193,415,No,No,0,96.8,92,16.46,142.6,103,12.12,210.1,115,9.45,10.9,5,2.94,2,True,460.4,0,,40.97,0.20485,146.4486209421528
TN,114,510,No,No,0,172.0,145,29.24,276.4,101,23.49,193.7,100,8.72,10.1,9,2.73,1,False,652.2,0,,64.18,0.3209,93.48706762231224
NV,7,408,No,Yes,30,221.4,114,37.64,165.8,116,14.09,247.0,105,11.12,10.8,12,2.92,1,False,645.0,0,,65.77,0.32885,91.22700319294512
WY,71,415,No,No,0,243.7,124,41.43,60.0,90,5.1,189.0,129,8.5,11.3,2,3.05,0,False,504.0,0,,58.08,0.2904,103.30578512396694
IL,31,415,No,Yes,28,210.5,101,35.79,250.5,86,21.29,241.6,125,10.87,11.5,2,3.11,1,False,714.1,0,,71.06,0.3553,84.43568815085843
MA,111,415,No,No,0,284.4,89,48.35,157.0,113,13.35,242.8,91,10.93,8.4,8,2.27,0,True,692.6,0,,74.9,0.37450000000000006,80.10680907877169
AZ,97,408,No,No,0,169.7,84,28.85,165.9,86,14.1,191.9,83,8.64,12.8,6,3.46,3,False,540.3,0,,55.05,0.27525,108.99182561307902
ND,51,510,No,No,0,227.2,89,38.62,194.4,106,16.52,243.4,126,10.95,14.9,2,4.02,0,False,679.9,0,,70.11,0.35055,85.57980316645272
SD,86,415,No,No,0,223.9,75,38.06,155.7,109,13.23,150.2,143,6.76,7.3,9,1.97,1,False,537.1,0,,60.02,0.30010000000000003,99.9666777740753
ND,190,415,No,No,0,169.4,102,28.8,253.5,113,21.55,197.1,93,8.87,8.9,5,2.4,1,False,628.9,0,,61.62,0.3081,97.37098344693283
CT,80,408,No,No,0,118.1,90,20.08,144.3,77,12.27,225.1,86,10.13,8.2,6,2.21,1,False,495.7,0,,44.69,0.22344999999999998,134.25822331617812
MO,36,415,No,No,0,202.4,115,34.41,230.7,115,19.61,202.0,127,9.09,10.2,2,2.75,3,False,645.3,0,,65.86,0.3293,91.10233829334953
NJ,45,510,No,No,0,155.7,110,26.47,260.3,103,22.13,192.2,98,8.65,11.0,1,2.97,1,False,619.2,0,,60.22,0.3011,99.63467286615743
NC,170,415,No,No,0,246.4,107,41.89,228.1,124,19.39,166.4,95,7.49,9.1,8,2.46,0,False,650.0,0,,71.23,0.35615,84.23417099536711
UT,103,415,No,No,0,189.8,110,32.27,115.5,83,9.82,191.3,103,8.61,12.2,4,3.29,0,False,508.8,0,,53.99,0.26995,111.13169105389886
WI,112,408,No,No,0,167.8,88,28.53,247.9,81,21.07,155.1,108,6.98,11.9,4,3.21,0,False,582.7,0,,59.79,0.29895,100.35122930255896
MT,125,510,No,No,0,143.2,80,24.34,88.1,94,7.49,233.2,135,10.49,8.8,7,2.38,4,True,473.3,1,,44.7,0.2235,134.2281879194631
MS,73,415,No,Yes,31,82.3,105,13.99,256.1,91,21.77,229.6,98,10.33,11.8,2,3.19,6,True,579.8,1,,49.28,0.2464,121.75324675324676
NM,232,408,No,No,0,165.6,104,28.15,195.9,115,16.65,118.3,77,5.32,11.8,3,3.19,1,False,491.6,0,,53.31,0.26655,112.54924029262803
SD,95,408,No,Yes,20,165.7,78,28.17,215.6,94,18.33,243.3,91,10.95,9.8,6,2.65,0,False,634.4,0,,60.1,0.3005,99.83361064891847
VA,182,415,No,No,0,176.1,90,29.94,174.9,106,14.87,234.7,134,10.56,9.7,4,2.62,1,False,595.4,0,,57.99,0.28995,103.46611484738749
NM,55,510,No,No,0,119.7,148,20.35,231.8,96,19.7,222.3,113,10.0,4.6,2,1.24,2,False,578.4,0,,51.29,0.25645,116.98186781048936
VA,86,415,No,Yes,30,99.9,84,16.98,263.5,125,22.4,254.7,90,11.46,9.8,7,2.65,2,False,627.9,0,,53.49,0.26745,112.17049915872124
NJ,127,510,No,No,0,239.8,107,40.77,128.9,121,10.96,249.9,110,11.25,11.3,5,3.05,1,False,629.9,0,,66.03,0.33015,90.86778736937755
TN,63,415,No,No,0,164.5,75,27.97,147.9,118,12.57,252.7,97,11.37,11.2,2,3.02,0,False,576.3,0,,54.93,0.27465,109.22992900054615
MI,79,510,No,No,0,220.9,107,37.55,192.2,97,16.34,161.0,74,7.25,12.2,2,3.29,1,False,586.3,0,,64.43,0.32215000000000005,93.12432096849292
LA,111,415,No,Yes,28,128.8,104,21.9,157.3,52,13.37,147.4,76,6.63,10.3,2,2.78,2,False,443.8,0,,44.68,0.2234,134.2882721575649
NH,121,510,No,Yes,35,193.8,62,32.95,197.6,97,16.8,218.8,95,9.85,5.9,4,1.59,0,False,616.1,0,,61.19,0.30595,98.05523778395163
RI,112,415,No,No,0,168.6,102,28.66,298.0,117,25.33,194.7,110,8.76,9.8,5,2.65,1,False,671.1,0,,65.4,0.327,91.74311926605505
LA,81,415,No,Yes,36,115.9,120,19.7,236.6,95,20.11,255.0,90,11.48,11.7,6,3.16,3,False,619.2,0,,54.45,0.27225,110.19283746556474
AZ,72,510,No,No,0,272.4,88,46.31,107.9,125,9.17,185.5,81,8.35,12.7,2,3.43,0,False,578.5,0,,67.26,0.33630000000000004,89.20606601248883
SC,64,510,No,Yes,40,210.0,116,35.7,232.7,89,19.78,168.8,94,7.6,5.9,4,1.59,8,False,617.4,1,,64.67,0.32335,92.77872274625018
MD,163,408,No,No,0,223.0,120,37.91,227.0,98,19.3,188.3,125,8.47,8.8,5,2.38,1,False,647.1,0,,68.06,0.3403,88.15750808110491
WA,104,415,No,No,0,139.7,78,23.75,202.6,119,17.22,203.6,102,9.16,11.3,5,3.05,2,False,557.2,0,,53.18,0.2659,112.8243700639338
CA,93,510,No,Yes,19,136.8,113,23.26,179.5,105,15.26,71.1,95,3.2,12.5,3,3.38,2,False,399.9,0,,45.1,0.2255,133.03769401330376
NJ,197,510,No,No,0,154.8,111,26.32,171.5,102,14.58,227.3,86,10.23,10.6,2,2.86,3,False,564.2,0,,53.99,0.26995,111.13169105389886
AR,57,510,No,No,0,192.8,68,32.78,158.0,86,13.43,235.5,105,10.6,12.7,6,3.43,1,False,599.0,0,,60.24,0.3012,99.601593625498
CT,107,408,No,No,0,103.4,94,17.58,189.3,125,16.09,227.2,125,10.22,14.4,3,3.89,1,False,534.3,0,,47.78,0.2389,125.57555462536627
SD,75,408,No,No,0,147.5,110,25.08,191.7,97,16.29,135.0,68,6.08,16.4,3,4.43,2,False,490.6,0,,51.88,0.2594,115.65150346954509
FL,106,408,No,No,0,178.4,143,30.33,247.0,123,21.0,259.9,105,11.7,9.6,2,2.59,0,False,694.9,0,,65.62,0.3281,91.43553794574825
MS,70,408,No,No,0,148.4,110,25.23,267.1,90,22.7,151.5,101,6.82,8.9,4,2.4,0,False,575.9,0,,57.15,0.28575,104.98687664041995
MA,80,408,No,No,0,148.6,106,25.26,210.8,65,17.92,203.7,86,9.17,10.0,2,2.7,2,False,573.1,0,,55.05,0.27525,108.99182561307902
VT,137,510,No,No,0,97.5,95,16.58,195.8,82,16.64,288.8,78,13.0,0.0,0,0.0,1,False,582.1,0,,46.22,0.2311,129.81393336218088
IL,90,415,No,Yes,29,185.6,106,31.55,219.7,113,18.67,152.1,120,6.84,11.1,5,3.0,2,False,568.5,0,,60.06,0.3003,99.9000999000999
CT,30,408,No,No,0,137.6,108,23.39,162.0,80,13.77,187.7,126,8.45,5.8,10,1.57,3,False,493.1,0,,47.18,0.2359,127.1725307333616
KS,105,415,Yes,No,0,273.9,119,46.56,278.6,103,23.68,255.3,90,11.49,10.9,7,2.94,1,True,818.7,0,,84.67,0.42335,70.86335183654187
MA,102,415,No,Yes,31,125.3,92,21.3,141.2,108,12.0,168.2,68,7.57,6.3,2,1.7,3,False,441.0,0,,42.57,0.21285,140.94432699083862
NJ,83,415,No,No,0,178.8,102,30.4,167.9,84,14.27,178.9,65,8.05,8.6,4,2.32,3,False,534.2,0,,55.04,0.2752,109.01162790697674
AR,63,510,No,Yes,49,214.9,86,36.53,198.2,89,16.85,170.8,139,7.69,8.2,5,2.21,0,False,592.1,0,,63.28,0.3164,94.81668773704172
MS,155,408,No,No,0,163.0,93,27.71,203.9,102,17.33,159.0,109,7.15,15.1,4,4.08,2,False,541.0,0,,56.27,0.28135,106.62875422072153
ME,105,408,No,No,0,115.5,73,19.64,267.3,83,22.72,114.2,90,5.14,13.3,5,3.59,3,False,510.3,0,,51.09,0.25545,117.43981209630064
IA,73,415,No,No,0,137.1,102,23.31,210.8,114,17.92,191.4,120,8.61,11.1,4,3.0,1,False,550.4,0,,52.84,0.2642,113.55034065102195
NM,21,415,No,Yes,19,132.7,94,22.56,204.6,101,17.39,154.7,78,6.96,12.9,7,3.48,3,False,504.9,0,,50.39,0.25195,119.07124429450288
TX,71,415,No,Yes,39,183.2,103,31.14,209.4,111,17.8,172.4,109,7.76,11.9,6,3.21,1,False,576.9,0,,59.91,0.29955,100.15022533800702
KY,112,415,No,No,0,170.5,113,28.99,193.2,129,16.42,188.0,91,8.46,11.2,6,3.02,0,False,562.9,0,,56.89,0.28445,105.46669010370891
AZ,66,510,No,No,0,154.0,133,26.18,198.9,121,16.91,151.9,100,6.84,9.5,3,2.57,4,True,514.3,1,,52.5,0.2625,114.28571428571428
TN,99,408,No,No,0,54.8,92,9.32,173.0,103,14.71,195.1,125,8.78,7.5,3,2.03,1,False,430.4,0,,34.84,0.17420000000000002,172.2158438576349
WV,124,510,No,No,0,184.8,74,31.42,175.1,84,14.88,158.2,95,7.12,10.5,6,2.84,1,False,528.6,0,,56.26,0.2813,106.6477070742979
CT,95,415,No,Yes,36,283.1,112,48.13,286.2,86,24.33,261.7,129,11.78,11.3,3,3.05,3,False,842.3,0,,87.29,0.43645,68.73639592164051
NH,130,408,No,No,0,68.4,86,11.63,193.3,110,16.43,171.5,139,7.72,10.4,4,2.81,0,False,443.6,0,,38.59,0.19295,155.48069448043535
MD,93,510,Yes,No,0,131.4,78,22.34,219.7,106,18.67,155.7,103,7.01,11.1,2,3.0,1,True,517.9,0,,51.02,0.2551,117.60094080752647
WV,191,408,No,No,0,162.0,104,27.54,241.2,120,20.5,210.4,83,9.47,10.9,7,2.94,1,False,624.5,0,,60.45,0.30225,99.25558312655086
KY,88,415,No,No,0,148.2,82,25.19,308.7,67,26.24,235.4,79,10.59,6.4,4,1.73,2,False,698.7,0,,63.75,0.31875,94.11764705882354
WY,16,415,No,No,0,174.7,83,29.7,280.8,122,23.87,171.7,80,7.73,10.5,8,2.84,5,False,637.7,1,,64.14,0.3207,93.54536950420955
GA,107,510,No,No,0,194.5,97,33.07,186.3,131,15.84,178.3,106,8.02,12.7,1,3.43,2,False,571.8,0,,60.36,0.3018,99.40357852882704
AK,96,408,No,Yes,29,150.0,91,25.5,159.4,75,13.55,228.1,55,10.26,8.5,3,2.3,1,False,546.0,0,,51.61,0.25805,116.25653943034295
CT,163,408,No,Yes,40,231.9,56,39.42,211.8,91,18.0,268.5,74,12.08,12.3,3,3.32,2,False,724.5,0,,72.82,0.3641,82.39494644328482
OR,95,415,No,No,0,269.0,120,45.73,233.7,120,19.86,179.3,61,8.07,7.3,4,1.97,2,True,689.3,0,,75.63,0.37815,79.33359777865927
OK,123,415,No,Yes,27,198.7,127,33.78,249.0,105,21.17,173.2,124,7.79,12.5,5,3.38,1,False,633.4,0,,66.12,0.3306,90.74410163339383
MA,34,415,No,No,0,293.7,89,49.93,272.5,71,23.16,178.2,76,8.02,11.0,10,2.97,2,True,755.4,0,,84.08,0.4204,71.36060894386299
DE,96,415,No,Yes,26,175.8,96,29.89,206.6,84,17.56,178.0,105,8.01,11.1,2,3.0,2,False,571.5,0,,58.46,0.2923,102.63427984946972
OH,146,415,No,No,0,169.5,93,28.82,230.9,71,19.63,269.8,115,12.14,9.0,7,2.43,2,False,679.2,0,,63.02,0.3151,95.2078705172961
ID,138,415,Yes,Yes,17,225.2,116,38.28,173.4,88,14.74,145.8,99,6.56,11.7,4,3.16,0,False,556.1,0,,62.74,0.31370000000000003,95.6327701625757
MO,76,510,No,No,0,129.7,84,22.05,177.5,80,15.09,228.9,87,10.3,7.5,3,2.03,5,True,543.6,1,,49.47,0.24735,121.28562765312311
NC,83,510,No,Yes,36,95.9,87,16.3,261.6,105,22.24,228.6,109,10.29,13.3,4,3.59,0,False,599.4,0,,52.42,0.2621,114.46012972148036
HI,104,408,No,No,0,170.6,97,29.0,162.1,111,13.78,210.7,131,9.48,6.1,1,1.65,1,False,549.5,0,,53.91,0.26954999999999996,111.29660545353369
NJ,106,415,No,No,0,191.4,124,32.54,200.7,116,17.06,230.1,76,10.35,8.2,3,2.21,1,False,630.4,0,,62.16,0.31079999999999997,96.52509652509653
MS,84,510,No,No,0,75.3,96,12.8,179.9,113,15.29,193.8,134,8.72,12.3,1,3.32,1,False,461.3,0,,40.13,0.20065000000000002,149.51407924246197
MN,99,408,No,No,0,128.8,86,21.9,203.9,105,17.33,282.6,131,12.72,14.1,4,3.81,2,False,629.4,0,,55.76,0.2788,107.60401721664276
RI,134,415,No,No,0,141.7,95,24.09,205.6,101,17.48,218.5,60,9.83,8.8,6,2.38,0,False,574.6,0,,53.78,0.26890000000000003,111.56563778356265
NJ,80,415,No,No,0,268.7,120,45.68,301.0,147,25.59,167.0,140,7.52,5.8,1,1.57,2,True,742.5,0,,80.36,0.4018,74.66401194624191
MN,85,415,No,No,0,255.3,114,43.4,194.6,83,16.54,276.6,78,12.45,3.7,5,1.0,3,False,730.2,0,,73.39,0.36695,81.75500749420902
WI,120,408,No,Yes,26,239.4,94,40.7,259.4,88,22.05,238.0,132,10.71,7.7,3,2.08,0,False,744.5,0,,75.54,0.37770000000000004,79.42811755361397
KS,120,510,No,No,0,158.0,110,26.86,197.0,103,16.75,154.9,132,6.97,10.0,5,2.7,1,False,519.9,0,,53.28,0.2664,112.61261261261261
NJ,125,415,No,No,0,182.3,64,30.99,139.8,121,11.88,171.6,96,7.72,11.6,7,3.13,2,False,505.3,0,,53.72,0.2686,111.69024571854058
ND,118,415,No,Yes,39,91.5,125,15.56,219.9,113,18.69,229.0,99,10.31,12.7,8,3.43,2,False,553.1,0,,47.99,0.23995,125.02604709314441
WY,62,415,No,No,0,172.4,132,29.31,230.5,100,19.59,228.2,109,10.27,11.0,5,2.97,0,False,642.1,0,,62.14,0.3107,96.5561635017702
LA,112,510,No,No,0,174.5,127,29.67,259.3,71,22.04,170.5,120,7.67,11.3,7,3.05,1,False,615.6,0,,62.43,0.31215,96.10764055742432
AL,68,510,No,No,0,157.3,83,26.74,220.9,85,18.78,218.9,129,9.85,12.0,7,3.24,1,False,609.1,0,,58.61,0.29305,102.37160894045385
TX,201,415,No,Yes,21,192.0,97,32.64,239.1,81,20.32,116.1,125,5.22,15.1,3,4.08,1,False,562.3,0,,62.26,0.31129999999999997,96.370061034372
AR,116,510,No,No,0,160.7,69,27.32,146.8,106,12.48,287.8,144,12.95,8.2,5,2.21,0,False,603.5,0,,54.96,0.2748,109.1703056768559
GA,133,510,No,No,0,227.4,90,38.66,73.2,135,6.22,114.3,99,5.14,4.7,7,1.27,0,False,419.6,0,,51.29,0.25645,116.98186781048936
KY,125,408,No,No,0,191.6,115,32.57,205.6,108,17.48,210.2,123,9.46,9.2,3,2.48,2,False,616.6,0,,61.99,0.30995,96.78980480722697
NE,21,510,No,No,0,225.0,110,38.25,244.2,111,20.76,221.2,93,9.95,10.7,4,2.89,0,False,701.1,0,,71.85,0.35924999999999996,83.50730688935283
ND,110,408,No,No,0,196.1,103,33.34,199.7,123,16.97,135.9,71,6.12,12.9,1,3.48,3,False,544.6,0,,59.91,0.29955,100.15022533800702
NH,83,415,No,No,0,231.3,100,39.32,210.4,84,17.88,217.4,106,9.78,12.4,2,3.35,3,False,671.5,0,,70.33,0.35165,85.31210009953078
IN,101,415,No,Yes,42,209.2,82,35.56,159.7,74,13.57,181.6,100,8.17,9.5,3,2.57,0,False,560.0,0,,59.87,0.29935,100.2171371304493
OR,117,415,No,Yes,17,221.3,82,37.62,167.6,100,14.25,262.7,87,11.82,4.4,4,1.19,0,False,656.0,0,,64.88,0.32439999999999997,92.47842170160297
OH,127,408,No,No,0,139.6,94,23.73,240.9,112,20.48,127.1,88,5.72,8.8,4,2.38,2,False,516.4,0,,52.31,0.26155,114.70082202255783
KS,138,510,No,Yes,26,183.9,83,31.26,240.7,93,20.46,185.7,125,8.36,15.0,3,4.05,1,False,625.3,0,,64.13,0.32065,93.55995633868704
TX,120,415,No,No,0,203.3,108,34.56,259.9,66,22.09,115.9,103,5.22,7.8,2,2.11,3,False,586.9,0,,63.98,0.31989999999999996,93.77930603313537
DC,141,415,No,Yes,37,185.4,87,31.52,178.5,128,15.17,218.3,107,9.82,8.0,3,2.16,4,False,590.2,1,,58.67,0.29335,102.26691665246292
OR,87,510,No,Yes,22,240.8,102,40.94,75.9,106,6.45,224.6,115,10.11,7.1,3,1.92,2,False,548.4,0,,59.42,0.29710000000000003,100.97610232245034
WA,97,408,No,No,0,276.1,82,46.94,201.1,106,17.09,231.3,73,10.41,8.9,4,2.4,0,True,717.4,0,,76.84,0.38420000000000004,78.08433107756376
NC,162,408,No,Yes,26,179.7,144,30.55,218.1,129,18.54,212.3,105,9.55,9.3,8,2.51,1,True,619.4,0,,61.15,0.30574999999999997,98.11937857726902
TX,119,510,No,No,0,81.9,75,13.92,253.8,114,21.57,213.1,125,9.59,8.9,1,2.4,2,True,557.7,0,,47.48,0.23739999999999997,126.36899747262007
WI,107,510,No,Yes,25,248.6,91,42.26,119.3,115,10.14,194.3,83,8.74,12.0,1,3.24,1,False,574.2,0,,64.38,0.32189999999999996,93.19664492078286
SC,140,510,No,Yes,28,157.1,77,26.71,172.4,97,14.65,184.5,94,8.3,11.1,9,3.0,1,False,525.1,0,,52.66,0.2633,113.9384732244588
SD,91,415,No,No,0,153.0,123,26.01,141.1,127,11.99,171.5,76,7.72,10.3,15,2.78,1,True,475.9,0,,48.5,0.2425,123.71134020618557
OH,135,415,No,No,0,218.8,123,37.2,242.8,64,20.64,85.8,80,3.86,10.3,3,2.78,4,False,557.7,1,,64.48,0.3224,93.05210918114143
HI,86,408,No,Yes,21,197.9,99,33.64,165.6,100,14.08,208.0,120,9.36,10.1,9,2.73,0,False,581.6,0,,59.81,0.29905000000000004,100.31767262999497
KY,131,415,No,No,0,166.5,129,28.31,210.2,107,17.87,257.2,93,11.57,9.9,5,2.67,1,False,643.8,0,,60.42,0.30210000000000004,99.30486593843098
OH,86,415,No,Yes,29,225.4,79,38.32,187.1,112,15.9,281.1,112,12.65,12.9,3,3.48,1,False,706.5,0,,70.35,0.35174999999999995,85.28784648187634
AL,85,415,No,No,0,210.3,66,35.75,195.8,76,16.64,221.6,82,9.97,11.2,7,3.02,1,False,638.9,0,,65.38,0.32689999999999997,91.77118384827165
VT,195,415,No,Yes,36,231.7,110,39.39,225.1,88,19.13,201.7,89,9.08,12.1,2,3.27,0,False,670.6,0,,70.87,0.35435,84.6620572879921
ND,177,408,No,No,0,189.5,99,32.22,176.3,117,14.99,225.9,112,10.17,14.2,2,3.83,1,False,605.9,0,,61.21,0.30605,98.02319882372161
WA,100,408,No,No,0,70.8,94,12.04,215.6,102,18.33,230.8,125,10.39,9.5,1,2.57,6,True,526.7,1,,43.33,0.21664999999999998,138.4721901684745
CT,124,415,No,No,0,131.8,82,22.41,284.3,119,24.17,305.5,101,13.75,11.3,2,3.05,1,False,732.9,0,,63.38,0.3169,94.66708740927737
DE,81,510,Yes,No,0,250.6,85,42.6,187.9,50,15.97,120.3,131,5.41,7.8,5,2.11,1,False,566.6,0,,66.09,0.33045,90.78529278256921
HI,105,415,No,No,0,281.3,124,47.82,301.5,96,25.63,202.8,109,9.13,8.7,3,2.35,0,True,794.3,0,,84.93,0.42465,70.64641469445425
MI,126,415,Yes,Yes,26,129.3,123,21.98,176.5,114,15.0,154.5,102,6.95,9.6,7,2.59,1,False,469.9,0,,46.52,0.23260000000000003,128.9767841788478
ND,71,510,No,No,0,238.0,82,40.46,278.5,94,23.67,193.1,134,8.69,11.8,10,3.19,0,True,721.4,0,,76.01,0.38005,78.93698197605578
NE,139,415,No,No,0,211.1,103,35.89,206.9,108,17.59,193.9,70,8.73,5.6,4,1.51,0,False,617.5,0,,63.72,0.3186,94.16195856873823
NE,77,415,No,No,0,169.4,102,28.8,184.9,144,15.72,234.3,89,10.54,2.0,7,0.54,1,False,590.6,0,,55.6,0.278,107.91366906474819
KY,72,408,No,No,0,177.1,97,30.11,184.7,105,15.7,174.1,94,7.83,8.0,6,2.16,1,False,543.9,0,,55.8,0.27899999999999997,107.52688172043013
KS,74,415,No,Yes,32,174.6,107,29.68,310.6,115,26.4,234.7,92,10.56,9.0,4,2.43,1,False,728.9,0,,69.07,0.34535,86.8683943825105
ND,124,415,No,No,0,150.3,101,25.55,255.9,112,21.75,136.7,62,6.15,12.5,4,3.38,2,False,555.4,0,,56.83,0.28415,105.57803976772831
KY,113,408,No,Yes,20,157.8,83,26.83,161.5,56,13.73,271.5,100,12.22,8.7,2,2.35,5,True,599.5,1,,55.13,0.27565,108.83366588064574
ME,66,510,No,No,0,118.0,133,20.06,248.1,99,21.09,214.4,122,9.65,5.3,5,1.43,1,False,585.8,0,,52.23,0.26115,114.87650775416428
MT,124,415,No,Yes,30,144.5,35,24.57,262.3,101,22.3,226.5,82,10.19,12.0,7,3.24,2,False,645.3,0,,60.3,0.3015,99.50248756218906
IL,134,408,No,No,0,183.8,111,31.25,123.5,92,10.5,160.7,105,7.23,6.1,2,1.65,1,False,474.1,0,,50.63,0.25315,118.50681414181317
ME,41,415,No,Yes,30,191.7,109,32.59,193.0,86,16.41,149.4,93,6.72,11.1,4,3.0,1,False,545.2,0,,58.72,0.29359999999999997,102.17983651226159
SC,159,415,No,Yes,23,153.6,93,26.11,216.9,88,18.44,161.3,91,7.26,12.6,3,3.4,2,False,544.4,0,,55.21,0.27605,108.67596449918493
IL,87,408,Yes,Yes,36,171.2,138,29.1,185.8,102,15.79,227.6,97,10.24,10.8,3,2.92,1,False,595.4,0,,58.05,0.29025,103.35917312661499
WA,132,415,No,No,0,240.1,115,40.82,180.4,91,15.33,133.4,122,6.0,8.0,6,2.16,3,False,561.9,0,,64.31,0.32155,93.29808738920852
NE,86,408,No,No,0,83.8,121,14.25,240.2,96,20.42,158.6,108,7.14,6.7,8,1.81,1,False,489.3,0,,43.62,0.2181,137.5515818431912
IL,55,415,Yes,No,0,269.6,121,45.83,171.7,91,14.59,219.0,98,9.86,8.2,6,2.21,1,False,668.5,0,,72.49,0.36245,82.77003724651676
VT,101,415,No,No,0,136.2,92,23.15,220.9,110,18.78,196.9,116,8.86,13.3,7,3.59,3,False,567.3,0,,54.38,0.27190000000000003,110.33468186833393
KS,94,408,No,No,0,269.2,104,45.76,193.8,144,16.47,257.6,61,11.59,8.9,2,2.4,3,True,729.5,0,,76.22,0.3811,78.71949619522435
ND,68,408,No,No,0,219.6,97,37.33,141.1,144,11.99,205.7,101,9.26,10.8,4,2.92,2,False,577.2,0,,61.5,0.3075,97.5609756097561
CO,98,408,No,No,0,236.2,122,40.15,189.4,110,16.1,153.6,104,6.91,13.3,4,3.59,0,False,592.5,0,,66.75,0.33375,89.88764044943821
TX,123,408,No,No,0,260.9,85,44.35,168.5,103,14.32,178.3,91,8.02,13.3,5,3.59,3,False,621.0,0,,70.28,0.3514,85.37279453614116
CA,111,408,No,No,0,249.8,109,42.47,242.4,106,20.6,231.8,78,10.43,11.6,4,3.13,0,True,735.6,0,,76.63,0.38315,78.2983165861934
MS,69,510,No,Yes,27,268.8,78,45.7,246.6,89,20.96,271.9,102,12.24,16.4,3,4.43,0,False,803.7,0,,83.33,0.41664999999999996,72.00288011520462
RI,127,415,No,Yes,27,140.1,59,23.82,223.4,111,18.99,257.9,73,11.61,3.8,10,1.03,1,False,625.2,0,,55.45,0.27725,108.20559062218214
NM,105,415,No,No,0,193.7,108,32.93,183.2,124,15.57,293.7,72,13.22,10.8,5,2.92,1,False,681.4,0,,64.64,0.3232,92.82178217821783
VA,75,415,No,No,0,224.7,116,38.2,192.0,79,16.32,212.2,98,9.55,11.3,11,3.05,3,False,640.2,0,,67.12,0.3356,89.39213349225268
TX,126,415,No,No,0,190.9,143,32.45,149.7,72,12.72,191.4,87,8.61,13.0,3,3.51,1,False,545.0,0,,57.29,0.28645,104.73031942747426
NM,41,415,No,No,0,232.1,74,39.46,327.1,88,27.8,226.5,119,10.19,10.9,2,2.94,3,True,796.6,0,,80.39,0.40195000000000003,74.63614877472322
RI,113,415,No,No,0,90.6,130,15.4,170.6,100,14.5,137.4,74,6.18,5.4,9,1.46,1,False,404.0,0,,37.54,0.1877,159.82951518380395
NY,78,510,No,No,0,152.9,81,25.99,256.6,82,21.81,173.6,112,7.81,5.3,6,1.43,2,False,588.4,0,,57.04,0.2852,105.18934081346423
WA,110,415,No,No,0,241.2,105,41.0,174.3,85,14.82,245.3,59,11.04,8.5,4,2.3,2,False,669.3,0,,69.16,0.3458,86.75534991324466
NE,112,415,Yes,Yes,16,200.3,72,34.05,197.8,91,16.81,151.1,92,6.8,10.4,3,2.81,1,False,559.6,0,,60.47,0.30235,99.2227550851662
ID,104,510,No,No,0,97.2,88,16.52,155.6,85,13.23,261.6,105,11.77,12.4,5,3.35,0,False,526.8,0,,44.87,0.22435,133.71963449966572
WV,127,510,No,No,0,224.3,112,38.13,185.7,103,15.78,159.4,83,7.17,10.0,1,2.7,2,False,579.4,0,,63.78,0.3189,94.0733772342427
NE,61,408,No,No,0,267.1,104,45.41,180.4,131,15.33,230.6,106,10.38,17.3,4,4.67,1,True,695.4,0,,75.79,0.37895,79.16611690196595
RI,65,415,No,Yes,29,215.5,129,36.64,161.9,77,13.76,128.3,91,5.77,8.8,5,2.38,2,False,514.5,0,,58.55,0.29275,102.47651579846284
CT,152,408,No,Yes,20,239.1,105,40.65,209.1,111,17.77,268.2,130,12.07,13.3,3,3.59,5,False,729.7,1,,74.08,0.3704,80.99352051835854
RI,63,415,Yes,No,0,62.9,112,10.69,202.9,111,17.25,259.0,58,11.66,8.9,8,2.4,1,False,533.7,0,,42.0,0.21,142.85714285714286
IA,100,408,No,No,0,210.9,85,35.85,329.3,69,27.99,127.1,78,5.72,9.4,5,2.54,4,False,676.7,1,,72.1,0.3605,83.21775312066575
MS,29,510,No,No,0,313.2,103,53.24,216.3,151,18.39,218.4,106,9.83,12.8,4,3.46,2,True,760.7,0,,84.92,0.42460000000000003,70.6547338671691
ME,175,415,No,No,0,132.0,95,22.44,231.2,74,19.65,313.4,108,14.1,8.7,10,2.35,1,False,685.3,0,,58.54,0.2927,102.49402118209771
MS,98,415,Yes,Yes,23,245.5,54,41.74,292.7,83,24.88,184.0,90,8.28,10.8,7,2.92,1,False,733.0,0,,77.82,0.38909999999999995,77.10100231303008
VA,121,415,No,No,0,134.1,112,22.8,195.1,104,16.58,159.6,139,7.18,10.5,2,2.84,2,False,499.3,0,,49.4,0.247,121.45748987854252
PA,104,415,No,No,0,144.5,107,24.57,180.5,85,15.34,226.0,94,10.17,17.0,6,4.59,2,False,568.0,0,,54.67,0.27335,109.74940552405342
NE,123,415,No,No,0,150.0,98,25.5,89.8,95,7.63,326.0,91,14.67,11.1,3,3.0,3,False,576.9,0,,50.8,0.254,118.11023622047244
MI,61,415,No,Yes,33,270.7,53,46.02,200.7,116,17.06,201.7,102,9.08,10.9,3,2.94,3,False,684.0,0,,75.1,0.37549999999999994,79.89347536617844
MD,160,415,No,No,0,256.0,111,43.52,187.4,61,15.93,119.1,81,5.36,11.5,4,3.11,3,False,574.0,0,,67.92,0.3396,88.33922261484099
AR,153,408,No,No,0,154.6,56,26.28,263.0,84,22.36,367.7,89,16.55,15.5,2,4.19,1,False,800.8,0,,69.38,0.3469,86.48025367541078
FL,31,510,No,No,0,165.4,84,28.12,203.7,107,17.31,201.7,65,9.08,8.2,1,2.21,1,False,579.0,0,,56.72,0.2836,105.78279266572636
KY,122,415,No,No,0,168.3,96,28.61,87.6,91,7.45,247.2,87,11.12,8.4,6,2.27,1,False,511.5,0,,49.45,0.24725000000000003,121.33468149646106
IN,46,415,No,Yes,34,191.4,102,32.54,361.8,96,30.75,147.5,132,6.64,7.2,2,1.94,1,False,707.9,0,,71.87,0.35935,83.48406845693613
FL,103,415,No,No,0,158.7,90,26.98,198.4,117,16.86,181.1,76,8.15,10.5,4,2.84,1,False,548.7,0,,54.83,0.27415,109.42914462885281
IL,68,415,Yes,Yes,29,195.5,113,33.24,171.6,96,14.59,204.0,85,9.18,13.5,9,3.65,1,True,584.6,0,,60.66,0.30329999999999996,98.91196834817015
AL,149,415,No,Yes,20,264.4,102,44.95,219.6,123,18.67,200.4,89,9.02,11.3,3,3.05,2,False,695.7,0,,75.69,0.37845,79.27070947284977
MT,102,408,No,No,0,273.2,85,46.44,211.1,82,17.94,203.7,129,9.17,13.1,7,3.54,2,True,701.1,0,,77.09,0.38545,77.83110649889738
WI,153,510,No,No,0,159.5,103,27.12,275.5,90,23.42,176.7,126,7.95,10.1,2,2.73,1,True,621.8,0,,61.22,0.3061,98.00718719372755
NY,122,510,No,No,0,145.6,102,24.75,284.7,111,24.2,228.2,91,10.27,12.2,5,3.29,0,False,670.7,0,,62.51,0.31255,95.98464245720685
WY,127,510,Yes,No,0,247.5,99,42.08,108.5,118,9.22,232.0,72,10.44,10.6,3,2.86,2,False,598.6,0,,64.6,0.32299999999999995,92.87925696594428
NY,126,415,Yes,No,0,239.7,87,40.75,281.7,92,23.94,183.5,113,8.26,11.4,1,3.08,1,True,716.3,0,,76.03,0.38015,78.91621728265159
CO,90,408,No,No,0,109.9,102,18.68,220.8,114,18.77,104.0,133,4.68,10.9,6,2.94,0,False,445.6,0,,45.07,0.22535,133.12624805857556
CA,37,510,No,No,0,239.9,120,40.78,261.6,88,22.24,207.1,88,9.32,8.9,4,2.4,2,True,717.5,0,,74.74,0.3737,80.27829810008028
CO,132,415,No,No,0,197.8,66,33.63,133.9,119,11.38,177.3,94,7.98,10.9,3,2.94,4,True,519.9,1,,55.93,0.27965,107.2769533345253
KY,38,408,No,Yes,36,115.4,98,19.62,166.2,83,14.13,184.7,79,8.31,15.2,6,4.1,2,False,481.5,0,,46.16,0.23079999999999998,129.98266897746967
ID,92,415,No,No,0,197.2,113,33.52,242.3,116,20.6,192.0,76,8.64,11.0,5,2.97,2,False,642.5,0,,65.73,0.32865,91.28251939753537
HI,111,408,No,Yes,13,193.1,104,32.83,111.6,98,9.49,227.4,94,10.23,12.1,4,3.27,1,False,544.2,0,,55.82,0.2791,107.48835542816194
TX,121,415,No,Yes,31,263.1,70,44.73,279.3,118,23.74,127.1,143,5.72,9.7,4,2.62,5,False,679.2,1,,76.81,0.38405,78.11482879833355
GA,131,408,No,No,0,197.0,79,33.49,201.0,114,17.09,151.2,111,6.8,11.6,5,3.13,1,False,560.8,0,,60.51,0.30255,99.1571641051066
ME,19,415,No,No,0,201.5,123,34.26,129.2,110,10.98,220.6,98,9.93,12.9,4,3.48,1,False,564.2,0,,58.65,0.29325,102.30179028132991
OH,135,415,No,No,0,173.4,107,29.48,222.0,84,18.87,64.2,94,2.89,13.7,6,3.7,1,False,473.3,0,,54.94,0.2747,109.21004732435384
TN,129,408,No,No,0,101.4,145,17.24,249.1,116,21.17,157.6,107,7.09,7.1,6,1.92,1,False,515.2,0,,47.42,0.2371,126.52889076339098
VT,142,415,No,No,0,232.5,74,39.53,181.8,142,15.45,203.1,86,9.14,10.4,6,2.81,4,False,627.8,1,,66.93,0.33465000000000006,89.64589870013445
MD,130,415,No,Yes,45,174.5,120,29.67,217.5,95,18.49,220.3,67,9.91,12.2,2,3.29,1,False,624.5,0,,61.36,0.3068,97.78357235984355
NE,92,415,No,No,0,181.4,98,30.84,164.5,98,13.98,171.0,110,7.69,10.9,4,2.94,2,False,527.8,0,,55.45,0.27725,108.20559062218214
WY,146,415,No,Yes,11,180.7,82,30.72,173.7,90,14.76,231.5,89,10.42,10.1,4,2.73,2,False,596.0,0,,58.63,0.29315,102.33668770254135
WV,152,510,Yes,Yes,41,146.8,128,24.96,285.6,96,24.28,213.6,80,9.61,4.3,2,1.16,1,True,650.3,0,,60.01,0.30005,99.98333611064822
MS,189,415,No,No,0,227.8,124,38.73,169.5,112,14.41,201.1,91,9.05,5.6,4,1.51,3,False,604.0,0,,63.7,0.3185,94.19152276295134
OH,95,415,No,Yes,23,160.3,87,27.25,202.4,101,17.2,191.1,122,8.6,7.4,3,2.0,0,False,561.2,0,,55.05,0.27525,108.99182561307902
AK,1,408,No,No,0,175.2,74,29.78,151.7,79,12.89,230.5,109,10.37,5.3,3,1.43,1,False,562.7,0,,54.47,0.27235,110.15237745548009
IN,141,415,No,Yes,39,116.9,127,19.87,276.5,88,23.5,289.9,125,13.05,12.3,2,3.32,0,False,695.6,0,,59.74,0.2987,100.43521928356209
WA,111,510,No,No,0,152.2,114,25.87,137.2,102,11.66,185.9,97,8.37,9.8,3,2.65,0,False,485.1,0,,48.55,0.24275,123.58393408856848
RI,143,408,No,No,0,167.8,72,28.53,211.0,99,17.94,153.5,109,6.91,10.5,6,2.84,4,True,542.8,1,,56.22,0.2811,106.72358591248666
AL,148,415,No,Yes,21,262.9,135,44.69,149.5,96,12.71,140.5,109,6.32,8.1,4,2.19,1,False,561.0,0,,65.91,0.32955,91.03322712790168
MT,143,408,No,Yes,22,141.8,116,24.11,167.3,99,14.22,178.1,130,8.01,7.8,3,2.11,1,False,495.0,0,,48.45,0.24225000000000002,123.83900928792569
NM,90,415,No,No,0,167.5,96,28.48,139.1,104,11.82,138.4,87,6.23,13.0,1,3.51,1,False,458.0,0,,50.04,0.2502,119.90407673860912
OH,169,408,No,No,0,147.2,115,25.02,161.9,123,13.76,142.1,103,6.39,7.2,6,1.94,3,False,458.4,0,,47.11,0.23555,127.36149437486732
LA,53,415,No,No,0,145.1,116,24.67,233.7,82,19.86,208.7,95,9.39,7.9,5,2.13,2,False,595.4,0,,56.05,0.28025,107.04727921498662
MO,15,415,No,No,0,135.2,101,22.98,152.5,79,12.96,224.8,83,10.12,8.4,5,2.27,2,False,520.9,0,,48.33,0.24165,124.14649286157666
DC,123,408,No,Yes,28,124.7,105,21.2,250.4,78,21.28,216.4,128,9.74,7.8,8,2.11,1,False,599.3,0,,54.33,0.27165,110.43622308117062
TN,95,510,No,No,0,174.0,57,29.58,281.1,118,23.89,197.2,94,8.87,9.7,2,2.62,0,False,662.0,0,,64.96,0.3248,92.36453201970444
WA,82,510,No,No,0,265.2,122,45.08,178.7,102,15.19,174.7,90,7.86,10.7,9,2.89,2,False,629.3,0,,71.02,0.35509999999999997,84.48324415657562
RI,180,415,No,No,0,143.3,134,24.36,180.5,113,15.34,184.2,87,8.29,10.1,4,2.73,1,False,518.1,0,,50.72,0.2536,118.29652996845427
RI,125,408,No,No,0,113.0,108,19.21,169.2,107,14.38,156.6,61,7.05,9.2,5,2.48,2,True,448.0,0,,43.12,0.21559999999999999,139.1465677179963
OR,138,415,Yes,Yes,28,211.2,117,35.9,312.5,98,26.56,178.0,118,8.01,10.7,2,2.89,3,True,712.4,0,,73.36,0.3668,81.78844056706652
MA,90,408,No,No,0,157.9,72,26.84,234.0,93,19.89,210.0,86,9.45,12.2,5,3.29,2,False,614.1,0,,59.47,0.29735,100.89120564990752
NC,190,408,No,No,0,182.2,101,30.97,212.3,95,18.05,233.0,123,10.49,9.3,4,2.51,2,False,636.8,0,,62.02,0.31010000000000004,96.74298613350531
IA,143,510,No,Yes,33,141.4,130,24.04,186.4,114,15.84,210.0,111,9.45,7.7,6,2.08,1,False,545.5,0,,51.41,0.25705,116.7088115152694
IL,183,510,No,No,0,108.3,87,18.41,183.6,116,15.61,176.6,109,7.95,13.5,2,3.65,0,False,482.0,0,,45.62,0.2281,131.521262604121
KY,58,415,No,No,0,247.2,116,42.02,303.7,103,25.81,105.4,94,4.74,9.3,2,2.51,2,True,665.6,0,,75.08,0.3754,79.91475759190197
TN,123,415,No,No,0,166.9,98,28.37,221.8,77,18.85,243.9,114,10.98,12.8,4,3.46,3,False,645.4,0,,61.66,0.30829999999999996,97.30781706130394
GA,155,510,No,No,0,71.2,90,12.1,304.4,119,25.87,183.3,103,8.25,8.6,4,2.32,0,False,567.5,0,,48.54,0.2427,123.60939431396787
MN,53,415,No,No,0,164.1,106,27.9,206.0,56,17.51,194.7,124,8.76,11.4,2,3.08,1,False,576.2,0,,57.25,0.28625,104.80349344978166
MT,101,415,No,No,0,154.4,130,26.25,217.2,101,18.46,185.4,52,8.34,13.9,4,3.75,1,False,570.9,0,,56.8,0.284,105.63380281690142
ND,122,408,No,No,0,231.2,141,39.3,267.8,136,22.76,240.3,100,10.81,8.8,5,2.38,1,True,748.1,0,,75.25,0.37625,79.734219269103
VA,163,415,No,No,0,202.9,100,34.49,178.6,46,15.18,203.8,116,9.17,12.8,3,3.46,5,False,598.1,1,,62.3,0.3115,96.30818619582665
ND,120,415,No,No,0,177.2,88,30.12,270.4,99,22.98,231.5,90,10.42,14.0,2,3.78,2,False,693.1,0,,67.3,0.33649999999999997,89.15304606240714
TN,196,415,No,No,0,133.1,80,22.63,206.5,120,17.55,221.6,96,9.97,10.3,8,2.78,1,False,571.5,0,,52.93,0.26465,113.35726431135463
NE,147,415,No,Yes,38,243.4,126,41.38,273.8,109,23.27,282.9,91,12.73,14.1,8,3.81,2,False,814.2,0,,81.19,0.40595,73.90072669047913
IN,81,408,No,Yes,46,168.3,124,28.61,270.9,103,23.03,222.5,98,10.01,6.7,2,1.81,4,False,668.4,1,,63.46,0.3173,94.54774661203908
OR,165,415,No,Yes,33,111.6,140,18.97,213.3,111,18.13,267.6,115,12.04,16.0,3,4.32,0,False,608.5,0,,53.46,0.2673,112.23344556677891
TN,115,415,No,No,0,206.2,113,35.05,176.4,102,14.99,297.1,119,13.37,11.0,7,2.97,1,False,690.7,0,,66.38,0.3319,90.3886712865321
TX,90,408,No,Yes,27,156.7,51,26.64,236.5,118,20.1,123.2,111,5.54,12.6,6,3.4,2,False,529.0,0,,55.68,0.2784,107.75862068965517
TN,37,415,No,No,0,221.0,126,37.57,204.5,110,17.38,118.0,98,5.31,6.8,3,1.84,4,False,550.3,1,,62.1,0.3105,96.61835748792271
NC,76,510,No,No,0,165.7,94,28.17,257.4,80,21.88,170.8,114,7.69,10.0,4,2.7,1,False,603.9,0,,60.44,0.30219999999999997,99.27200529450695
MT,109,510,No,No,0,154.8,82,26.32,287.7,109,24.45,208.4,80,9.38,5.9,9,1.59,3,False,656.8,0,,61.74,0.30870000000000003,97.18172983479106
HI,105,510,No,No,0,125.4,116,21.32,261.5,95,22.23,241.6,104,10.87,11.4,9,3.08,2,False,639.9,0,,57.5,0.2875,104.34782608695653
MI,74,415,No,No,0,124.8,114,21.22,133.0,121,11.31,160.3,85,7.21,10.6,7,2.86,3,False,428.7,0,,42.6,0.213,140.8450704225352
AL,76,415,No,No,0,179.2,85,30.46,222.9,66,18.95,188.2,113,8.47,12.4,2,3.35,0,False,602.7,0,,61.23,0.30615,97.99118079372857
CT,116,415,No,No,0,245.9,73,41.8,240.1,87,20.41,158.7,89,7.14,8.9,5,2.4,3,False,653.6,0,,71.75,0.35875,83.62369337979094
UT,138,510,No,No,0,205.9,96,35.0,257.1,94,21.85,209.0,63,9.4,12.1,8,3.27,0,False,684.1,0,,69.52,0.34759999999999996,86.30609896432682
DC,102,415,No,No,0,186.8,92,31.76,173.7,123,14.76,250.9,131,11.29,9.7,4,2.62,2,False,621.1,0,,60.43,0.30215,99.28843289756745
UT,164,510,No,No,0,192.1,95,32.66,249.8,94,21.23,132.6,100,5.97,7.3,3,1.97,3,False,581.8,0,,61.83,0.30915,97.0402717127608
MN,125,415,No,No,0,240.7,82,40.92,269.4,85,22.9,187.1,74,8.42,10.1,3,2.73,0,True,707.3,0,,74.97,0.37485,80.03201280512205
SC,209,510,No,No,0,255.1,124,43.37,230.6,110,19.6,218.0,69,9.81,8.5,5,2.3,3,True,712.2,0,,75.08,0.3754,79.91475759190197
NH,116,408,No,Yes,24,183.6,138,31.21,203.8,90,17.32,166.9,89,7.51,6.0,3,1.62,2,False,560.3,0,,57.66,0.2883,104.0582726326743
MD,189,415,No,Yes,30,155.2,116,26.38,195.5,50,16.62,170.1,108,7.65,15.4,6,4.16,1,False,536.2,0,,54.81,0.27405,109.46907498631636
OK,84,510,No,No,0,203.4,125,34.58,182.9,88,15.55,213.7,121,9.62,13.8,2,3.73,1,False,613.8,0,,63.48,0.31739999999999996,94.51795841209831
NJ,182,415,No,No,0,279.1,124,47.45,180.5,108,15.34,217.5,104,9.79,9.5,11,2.57,2,True,686.6,0,,75.15,0.37575000000000003,79.84031936127744
HI,171,510,No,No,0,189.8,122,32.27,173.7,85,14.76,257.1,84,11.57,10.3,1,2.78,0,False,630.9,0,,61.38,0.3069,97.75171065493646
DE,90,415,No,No,0,198.5,124,33.75,266.6,100,22.66,243.3,80,10.95,8.0,7,2.16,2,False,716.4,0,,69.52,0.34759999999999996,86.30609896432682
AL,117,510,No,No,0,158.7,84,26.98,181.7,91,15.44,177.3,67,7.98,7.7,10,2.08,2,False,525.4,0,,52.48,0.26239999999999997,114.32926829268294
KS,186,510,No,No,0,137.8,97,23.43,187.7,118,15.95,146.4,85,6.59,8.7,6,2.35,1,False,480.6,0,,48.32,0.2416,124.17218543046357
AK,55,408,No,Yes,39,139.3,101,23.68,178.3,117,15.16,246.5,104,11.09,8.1,1,2.19,3,False,572.2,0,,52.12,0.2606,115.11895625479663
WI,74,408,No,No,0,177.4,136,30.16,240.3,104,20.43,237.3,133,10.68,12.0,3,3.24,0,False,667.0,0,,64.51,0.32255,93.00883583940474
IN,130,408,No,No,0,115.6,129,19.65,167.8,104,14.26,141.8,124,6.38,12.6,9,3.4,1,False,437.8,0,,43.69,0.21844999999999998,137.33119707026782
DC,80,408,No,No,0,51.5,90,8.76,164.0,98,13.94,169.4,80,7.62,9.5,4,2.57,3,False,394.4,0,,32.89,0.16445,182.4262693827911
MS,120,415,No,No,0,131.7,99,22.39,163.1,109,13.86,201.1,116,9.05,10.7,3,2.89,1,False,506.6,0,,48.19,0.24095,124.5071591616518
NH,84,408,No,Yes,30,106.5,65,18.11,225.7,108,19.18,188.6,61,8.49,5.7,3,1.54,2,False,526.5,0,,47.32,0.2366,126.79628064243448
NJ,134,510,No,Yes,34,247.2,105,42.02,225.5,133,19.17,186.3,76,8.38,6.1,5,1.65,2,True,665.1,0,,71.22,0.35609999999999997,84.24599831508004
VT,68,415,No,No,0,158.8,119,27.0,211.8,105,18.0,198.1,101,8.91,10.3,3,2.78,1,False,579.0,0,,56.69,0.28345,105.83877227024168
MD,119,408,No,No,0,239.1,88,40.65,243.5,79,20.7,230.9,92,10.39,10.9,3,2.94,3,True,724.4,0,,74.68,0.3734,80.34279592929833
KS,166,415,Yes,Yes,28,175.8,126,29.89,253.6,76,21.56,128.5,72,5.78,11.4,5,3.08,1,False,569.3,0,,60.31,0.30155,99.48598905654121
NH,90,415,No,Yes,42,193.3,66,32.86,263.3,85,22.38,214.4,97,9.65,11.1,4,3.0,0,False,682.1,0,,67.89,0.33945000000000003,88.37825894829871
AZ,82,415,No,Yes,33,137.8,95,23.43,235.5,128,20.02,268.1,70,12.06,11.0,6,2.97,2,False,652.4,0,,58.48,0.2924,102.59917920656635
ID,130,415,No,No,0,263.7,113,44.83,186.5,103,15.85,195.3,99,8.79,18.3,6,4.94,1,True,663.8,0,,74.41,0.37205,80.63432334363661
TX,130,408,No,No,0,252.0,101,42.84,170.2,105,14.47,209.2,64,9.41,5.7,5,1.54,0,False,637.1,0,,68.26,0.34130000000000005,87.89920890711983
RI,155,408,Yes,No,0,163.1,94,27.73,291.7,108,24.79,96.4,111,4.34,11.2,3,3.02,0,False,562.4,0,,59.88,0.2994,100.20040080160321
OR,81,415,No,No,0,324.7,48,55.2,236.4,82,20.09,187.6,78,8.44,13.1,5,3.54,0,True,761.8,0,,87.27,0.43634999999999996,68.75214850464077
NC,75,408,No,No,0,203.3,70,34.56,228.9,97,19.46,222.2,118,10.0,14.3,3,3.86,1,False,668.7,0,,67.88,0.3394,88.3912787271656
NM,178,415,No,Yes,35,175.4,88,29.82,190.0,65,16.15,138.7,94,6.24,10.5,3,2.84,2,False,514.6,0,,55.05,0.27525,108.99182561307902
SC,112,415,No,No,0,266.0,97,45.22,214.6,94,18.24,306.2,100,13.78,14.2,2,3.83,2,True,801.0,0,,81.07,0.40535,74.01011471567782
AZ,100,510,No,No,0,78.7,98,13.38,225.6,102,19.18,150.4,106,6.77,14.0,8,3.78,0,False,468.7,0,,43.11,0.21555,139.17884481558804
WV,104,415,No,No,0,225.9,123,38.4,162.8,106,13.84,272.1,85,12.24,10.1,4,2.73,1,False,670.9,0,,67.21,0.33604999999999996,89.27242969796163
NY,160,408,No,No,0,216.8,77,36.86,207.3,117,17.62,228.6,117,10.29,5.6,2,1.51,1,False,658.3,0,,66.28,0.33140000000000003,90.52504526252262
WV,87,415,No,No,0,58.0,125,9.86,67.5,116,5.74,185.9,136,8.37,11.5,3,3.11,0,False,322.9,0,,27.08,0.1354,221.56573116691285
NM,81,415,No,No,0,173.2,80,29.44,236.2,94,20.08,240.2,84,10.81,11.8,6,3.19,2,False,661.4,0,,63.52,0.3176,94.45843828715365
ME,28,415,No,No,0,236.8,102,40.26,167.1,87,14.2,280.2,115,12.61,9.7,3,2.62,3,False,693.8,0,,69.69,0.34845,86.09556607834696
WI,95,408,No,No,0,237.3,83,40.34,154.0,65,13.09,237.0,105,10.67,11.2,6,3.02,1,False,639.5,0,,67.12,0.3356,89.39213349225268
NJ,35,408,No,No,0,158.6,67,26.96,130.4,96,11.08,229.8,80,10.34,6.9,5,1.86,2,False,525.7,0,,50.24,0.25120000000000003,119.42675159235667
WY,134,510,No,No,0,296.0,93,50.32,226.4,117,19.24,246.8,98,11.11,12.3,10,3.32,0,True,781.5,0,,83.99,0.41995,71.43707584236219
AR,185,415,No,Yes,19,157.3,123,26.74,257.7,94,21.9,190.4,107,8.57,9.6,6,2.59,0,False,615.0,0,,59.8,0.299,100.33444816053512
PA,85,408,No,No,0,144.4,88,24.55,264.6,105,22.49,185.4,94,8.34,9.9,3,2.67,1,False,604.3,0,,58.05,0.29025,103.35917312661499
TN,148,415,No,Yes,36,77.6,141,13.19,207.0,60,17.6,255.7,115,11.51,10.9,2,2.94,1,False,551.2,0,,45.24,0.2262,132.6259946949602
CT,134,408,No,Yes,32,80.3,94,13.65,199.9,124,16.99,170.8,117,7.69,16.6,3,4.48,0,False,467.6,0,,42.81,0.21405000000000002,140.15416958654518
MA,80,408,No,Yes,36,190.3,115,32.35,256.6,78,21.81,214.9,145,9.67,3.8,4,1.03,1,False,665.6,0,,64.86,0.3243,92.50693802035153
OH,165,510,No,No,0,209.4,67,35.6,273.8,89,23.27,150.2,88,6.76,12.8,1,3.46,0,False,646.2,0,,69.09,0.34545000000000003,86.84324793747285
KS,65,415,No,Yes,34,208.8,119,35.5,142.1,106,12.08,214.6,87,9.66,12.5,4,3.38,4,False,578.0,1,,60.62,0.3031,98.97723523589575
OK,104,415,No,No,0,113.6,87,19.31,158.6,98,13.48,187.7,87,8.45,10.5,6,2.84,2,False,470.4,0,,44.08,0.22039999999999998,136.11615245009077
UT,44,415,No,No,0,202.6,89,34.44,163.0,96,13.86,268.1,151,12.06,8.3,3,2.24,0,False,642.0,0,,62.6,0.313,95.84664536741214
OH,162,415,No,No,0,135.2,98,22.98,242.0,107,20.57,246.9,96,11.11,10.2,2,2.75,2,False,634.3,0,,57.41,0.28704999999999997,104.51140916216688
WA,96,415,No,No,0,276.9,105,47.07,246.9,94,20.99,254.4,107,11.45,10.3,3,2.78,1,True,788.5,0,,82.29,0.41145000000000004,72.91286912139992
IN,72,510,No,No,0,287.4,116,48.86,235.3,126,20.0,292.1,114,13.14,5.0,3,1.35,4,True,819.8,1,,83.35,0.41674999999999995,71.98560287942412
NE,31,415,No,No,0,97.5,129,16.58,260.4,78,22.13,88.7,100,3.99,7.0,5,1.89,1,False,453.6,0,,44.59,0.22295,134.5593182327876
AL,72,415,No,No,0,166.5,102,28.31,261.0,103,22.19,262.7,85,11.82,13.3,5,3.59,0,False,703.5,0,,65.91,0.32955,91.03322712790168
PA,136,408,No,No,0,102.1,75,17.36,219.5,97,18.66,73.7,92,3.32,9.8,5,2.65,0,False,405.1,0,,41.99,0.20995,142.89116456299118
OR,82,415,No,Yes,19,146.5,73,24.91,246.4,65,20.94,199.0,114,8.96,4.1,4,1.11,1,False,596.0,0,,55.92,0.2796,107.29613733905579
MN,155,408,Yes,No,0,250.8,146,42.64,152.5,105,12.96,148.1,104,6.66,10.0,5,2.7,2,False,561.4,0,,64.96,0.3248,92.36453201970444
GA,136,415,No,No,0,163.4,83,27.78,249.3,119,21.19,249.7,90,11.24,9.8,4,2.65,7,False,672.2,1,,62.86,0.3143,95.45020680878142
TX,57,415,No,No,0,161.0,113,27.37,208.0,134,17.68,208.1,81,9.36,8.4,4,2.27,3,False,585.5,0,,56.68,0.2834,105.85744530698659
NM,112,415,No,No,0,81.6,94,13.87,268.1,112,22.79,140.8,75,6.34,8.6,18,2.32,1,False,499.1,0,,45.32,0.2266,132.3918799646955
NC,95,408,No,No,0,128.6,115,21.86,216.2,88,18.38,255.3,96,11.49,6.3,2,1.7,6,True,606.4,1,,53.43,0.26715,112.29646266142616
ID,113,415,No,Yes,30,183.8,102,31.25,183.4,123,15.59,235.0,52,10.58,11.6,7,3.13,0,False,613.8,0,,60.55,0.30274999999999996,99.09165978530142
WI,103,415,No,No,0,180.2,134,30.63,97.7,85,8.3,181.7,134,8.18,8.4,3,2.27,1,False,468.0,0,,49.38,0.2469,121.50668286755771
SC,149,415,No,Yes,20,147.8,132,25.13,276.8,94,23.53,149.9,110,6.75,10.2,6,2.75,0,False,584.7,0,,58.16,0.2908,103.1636863823934
NV,116,408,No,No,0,110.9,54,18.85,213.4,82,18.14,186.2,116,8.38,7.9,2,2.13,2,False,518.4,0,,47.5,0.2375,126.31578947368422
NE,95,510,No,No,0,58.2,96,9.89,202.1,126,17.18,210.5,97,9.47,10.4,5,2.81,0,False,481.2,0,,39.35,0.19675,152.47776365946632
UT,201,510,No,No,0,212.7,72,36.16,225.2,90,19.14,195.1,99,8.78,7.0,6,1.89,1,False,640.0,0,,65.97,0.32985,90.95043201455208
HI,150,415,No,No,0,214.0,117,36.38,192.4,89,16.35,242.6,99,10.92,7.9,4,2.13,1,False,656.9,0,,65.78,0.3289,91.21313469139555
MI,108,408,Yes,No,0,115.1,114,19.57,211.3,70,17.96,136.1,85,6.12,13.8,3,3.73,2,True,476.3,0,,47.38,0.2369,126.6357112705783
MO,101,415,Yes,No,0,156.4,116,26.59,130.4,114,11.08,207.3,109,9.33,7.3,5,1.97,1,False,501.4,0,,48.97,0.24484999999999998,122.52399428221361
AL,182,415,No,Yes,24,128.1,104,21.78,143.4,127,12.19,191.0,98,8.59,11.6,3,3.13,1,False,474.1,0,,45.69,0.22845,131.3197636244255
VT,128,408,No,No,0,227.9,130,38.74,302.6,71,25.72,191.5,82,8.62,5.5,7,1.49,1,True,727.5,0,,74.57,0.37284999999999996,80.46131151937777
VA,113,408,No,Yes,34,44.9,63,7.63,134.2,82,11.41,168.4,118,7.58,13.3,3,3.59,1,False,360.8,0,,30.21,0.15105000000000002,198.60973187686196
RI,76,415,No,No,0,171.1,78,29.09,257.2,83,21.86,91.6,92,4.12,16.2,3,4.37,1,False,536.1,0,,59.44,0.29719999999999996,100.94212651413191
MD,204,510,No,No,0,205.2,145,34.88,154.8,95,13.16,191.4,77,8.61,14.1,5,3.81,3,False,565.5,0,,60.46,0.3023,99.23916639100231
OH,32,415,No,Yes,31,232.8,97,39.58,183.5,111,15.6,206.8,111,9.31,13.0,2,3.51,0,False,636.1,0,,68.0,0.34,88.23529411764706
CO,103,415,No,Yes,37,153.5,78,26.1,241.9,108,20.56,244.7,110,11.01,10.6,3,2.86,1,False,650.7,0,,60.53,0.30265000000000003,99.12440112340987
UT,148,510,No,No,0,203.0,92,34.51,150.9,125,12.83,245.5,131,11.05,14.6,9,3.94,1,False,614.0,0,,62.33,0.31165,96.26183218353923
CO,57,415,No,No,0,85.9,92,14.6,193.9,127,16.48,231.5,93,10.42,10.1,2,2.73,0,False,521.4,0,,44.23,0.22114999999999999,135.65453312231517
KY,64,415,Yes,No,0,146.7,83,24.94,148.3,91,12.61,238.6,69,10.74,12.5,3,3.38,3,False,546.1,0,,51.67,0.25835,116.12154054577123
DC,70,415,No,No,0,152.8,145,25.98,183.6,102,15.61,151.8,75,6.83,10.5,2,2.84,1,False,498.7,0,,51.26,0.2563,117.05033164260634
MA,142,408,No,No,0,216.8,134,36.86,187.8,106,15.96,138.1,108,6.21,8.3,2,2.24,0,False,551.0,0,,61.27,0.30635,97.92720744246776
AZ,88,415,No,No,0,172.8,81,29.38,193.4,90,16.44,89.6,107,4.03,12.8,5,3.46,2,False,468.6,0,,53.31,0.26655,112.54924029262803
IL,131,510,No,No,0,263.4,123,44.78,151.9,74,12.91,218.5,101,9.83,10.7,2,2.89,2,False,644.5,0,,70.41,0.35205,85.2151682999574
CO,130,408,No,No,0,271.8,129,46.21,237.2,128,20.16,210.1,91,9.45,8.7,2,2.35,4,True,727.8,1,,78.17,0.39085000000000003,76.75578866572853
OR,166,510,No,No,0,199.6,93,33.93,214.3,99,18.22,196.8,110,8.86,7.2,5,1.94,3,False,617.9,0,,62.95,0.31475000000000003,95.31374106433677
MS,130,510,No,No,0,203.9,63,34.66,191.8,93,16.3,132.5,125,5.96,12.1,4,3.27,3,False,540.3,0,,60.19,0.30095,99.68433294567204
SC,111,510,No,No,0,78.3,119,13.31,198.2,94,16.85,248.5,94,11.18,12.1,4,3.27,1,False,537.1,0,,44.61,0.22305,134.49899125756556
IN,100,415,No,Yes,32,125.2,123,21.28,230.9,101,19.63,192.0,106,8.64,12.6,9,3.4,3,False,560.7,0,,52.95,0.26475000000000004,113.31444759206798
ME,57,415,No,No,0,221.1,101,37.59,236.7,65,20.12,252.3,137,11.35,9.5,1,2.57,0,False,719.6,0,,71.63,0.35814999999999997,83.76378612313277
DE,139,408,No,No,0,139.0,110,23.63,132.9,93,11.3,272.0,120,12.24,12.1,1,3.27,0,False,556.0,0,,50.44,0.2522,118.9532117367169
OR,113,415,No,No,0,159.8,143,27.17,210.1,93,17.86,175.1,86,7.88,13.1,7,3.54,2,False,558.1,0,,56.45,0.28225,106.28875110717449
NJ,108,415,No,No,0,239.3,102,40.68,223.4,127,18.99,251.4,104,11.31,10.6,6,2.86,0,False,724.7,0,,73.84,0.36920000000000003,81.25677139761646
MT,100,415,No,No,0,113.3,96,19.26,197.9,89,16.82,284.5,93,12.8,11.7,2,3.16,4,True,607.4,1,,52.04,0.2602,115.29592621060723
WV,120,510,No,No,0,192.6,123,32.74,206.4,105,17.54,283.2,93,12.74,10.8,3,2.92,1,False,693.0,0,,65.94,0.3297,90.99181073703367
NJ,107,408,No,Yes,36,96.3,83,16.37,179.6,91,15.27,166.3,121,7.48,10.3,2,2.78,1,False,452.5,0,,41.9,0.2095,143.1980906921241
IN,104,408,No,No,0,280.4,127,47.67,179.4,79,15.25,150.6,77,6.78,15.2,6,4.1,5,False,625.6,1,,73.8,0.369,81.30081300813008
NM,62,415,No,No,0,245.3,91,41.7,122.9,130,10.45,228.4,102,10.28,8.5,4,2.3,4,False,605.1,1,,64.73,0.32365,92.69272362119574
MT,34,415,No,Yes,14,151.5,100,25.76,248.7,126,21.14,199.8,120,8.99,10.7,5,2.89,2,False,610.7,0,,58.78,0.2939,102.07553589656347
NM,183,415,No,No,0,190.0,100,32.3,246.6,78,20.96,304.2,107,13.69,9.5,4,2.57,1,False,750.3,0,,69.52,0.34759999999999996,86.30609896432682
IL,123,408,No,No,0,114.8,94,19.52,150.0,104,12.75,268.6,119,12.09,9.6,4,2.59,2,False,543.0,0,,46.95,0.23475000000000001,127.79552715654951
IN,64,408,No,No,0,113.8,97,19.35,192.3,97,16.35,214.9,89,9.67,10.4,1,2.81,3,False,531.4,0,,48.18,0.2409,124.53300124533001
ND,27,415,No,No,0,227.4,67,38.66,248.0,115,21.08,61.4,109,2.76,7.8,6,2.11,1,False,544.6,0,,64.61,0.32305,92.86488159727597
NH,123,408,No,No,0,224.0,99,38.08,210.7,80,17.91,231.9,75,10.44,2.1,5,0.57,0,False,668.7,0,,67.0,0.335,89.55223880597015
NM,84,408,No,Yes,41,153.9,102,26.16,140.7,117,11.96,217.7,101,9.8,12.8,5,3.46,1,False,525.1,0,,51.38,0.2569,116.77695601401322
LA,91,415,No,No,0,190.5,128,32.39,205.5,103,17.47,130.7,63,5.88,13.8,5,3.73,0,False,540.5,0,,59.47,0.29735,100.89120564990752
KY,95,510,No,No,0,157.3,116,26.74,197.5,77,16.79,128.2,111,5.77,8.4,4,2.27,2,False,491.4,0,,51.57,0.25785,116.34671320535193
WV,73,415,No,No,0,240.3,130,40.85,162.5,83,13.81,231.9,136,10.44,11.9,3,3.21,0,False,646.6,0,,68.31,0.34155,87.83487044356609
WV,58,408,No,Yes,39,211.9,40,36.02,274.4,76,23.32,210.5,139,9.47,5.4,4,1.46,1,False,702.2,0,,70.27,0.35135,85.38494378824534
IA,88,415,No,No,0,113.7,67,19.33,165.1,127,14.03,141.5,142,6.37,10.8,3,2.92,1,False,431.1,0,,42.65,0.21325,140.6799531066823
NE,67,415,No,Yes,41,174.7,86,29.7,160.6,93,13.65,155.3,108,6.99,13.4,1,3.62,0,False,504.0,0,,53.96,0.2698,111.19347664936991
WA,152,510,No,No,0,161.4,84,27.44,163.6,88,13.91,153.2,121,6.89,11.8,5,3.19,1,False,490.0,0,,51.43,0.25715,116.66342601594401
PA,142,510,No,Yes,40,230.7,101,39.22,256.8,88,21.83,263.9,92,11.88,6.4,3,1.73,1,False,757.8,0,,74.66,0.37329999999999997,80.36431824270025
ID,105,408,No,No,0,232.6,96,39.54,253.4,117,21.54,154.0,101,6.93,10.5,9,2.84,1,False,650.5,0,,70.85,0.35424999999999995,84.68595624558928
DC,93,408,No,Yes,22,306.2,123,52.05,189.7,83,16.12,240.3,107,10.81,11.7,2,3.16,0,False,747.9,0,,82.14,0.4107,73.04601899196494
KY,79,415,No,No,0,236.8,135,40.26,186.4,87,15.84,126.9,112,5.71,10.4,5,2.81,2,False,560.5,0,,64.62,0.3231,92.85051067780873
SC,88,408,No,No,0,153.5,94,26.1,251.7,118,21.39,182.2,99,8.2,8.5,6,2.3,1,False,595.9,0,,57.99,0.28995,103.46611484738749
NC,110,408,No,No,0,159.5,145,27.12,202.3,101,17.2,256.0,96,11.52,16.7,2,4.51,2,False,634.5,0,,60.35,0.30175,99.42004971002486
NY,209,415,No,No,0,153.7,105,26.13,188.6,87,16.03,200.8,95,9.04,10.7,2,2.89,0,False,553.8,0,,54.09,0.27045,110.92623405435384
OR,27,510,No,No,0,232.1,81,39.46,210.8,101,17.92,165.4,87,7.44,15.0,6,4.05,5,False,623.3,1,,68.87,0.34435000000000004,87.12066211703208
IL,117,415,No,No,0,201.9,86,34.32,212.3,96,18.05,176.9,98,7.96,7.8,10,2.11,1,False,598.9,0,,62.44,0.3122,96.09224855861628
MA,87,408,No,No,0,186.9,79,31.77,182.6,105,15.52,143.1,90,6.44,4.2,14,1.13,1,False,516.8,0,,54.86,0.2743,109.3693036820999
CT,129,510,No,Yes,27,196.6,89,33.42,180.6,95,15.35,245.0,83,11.03,6.6,5,1.78,1,False,628.8,0,,61.58,0.3079,97.4342318934719
WI,142,510,No,No,0,232.1,102,39.46,168.2,110,14.3,197.3,120,8.88,9.9,3,2.67,1,False,607.5,0,,65.31,0.32655,91.86954524575103
OK,112,415,No,No,0,166.0,79,28.22,74.6,100,6.34,247.9,74,11.16,6.3,7,1.7,0,False,494.8,0,,47.42,0.2371,126.52889076339098
AZ,97,408,No,Yes,25,141.0,101,23.97,212.0,85,18.02,175.2,138,7.88,4.9,2,1.32,3,False,533.1,0,,51.19,0.25595,117.2103926548154
KS,101,415,No,No,0,231.3,87,39.32,224.7,88,19.1,214.6,69,9.66,7.2,7,1.94,1,False,677.8,0,,70.02,0.35009999999999997,85.6898029134533
KS,127,415,No,Yes,24,154.8,69,26.32,177.2,105,15.06,207.6,102,9.34,9.0,4,2.43,1,False,548.6,0,,53.15,0.26575,112.88805268109125
WY,148,408,No,No,0,243.0,115,41.31,191.8,91,16.3,117.8,93,5.3,13.4,5,3.62,2,False,566.0,0,,66.53,0.33265,90.184879001954
OK,138,510,No,Yes,33,155.2,139,26.38,268.3,79,22.81,186.4,71,8.39,9.7,4,2.62,3,False,619.6,0,,60.2,0.301,99.66777408637874
WA,84,415,No,No,0,289.1,100,49.15,233.8,97,19.87,223.5,148,10.06,12.7,2,3.43,2,True,759.1,0,,82.51,0.41255000000000003,72.71845836868258
MD,133,510,No,No,0,295.0,141,50.15,223.6,101,19.01,229.4,109,10.32,12.9,4,3.48,2,True,760.9,0,,82.96,0.41479999999999995,72.32401157184187
NY,120,510,No,Yes,27,128.5,115,21.85,163.7,91,13.91,242.9,121,10.93,0.0,0,0.0,1,False,535.1,0,,46.69,0.23345,128.5071749839366
WI,87,415,No,No,0,238.0,97,40.46,164.5,97,13.98,282.5,132,12.71,10.6,6,2.86,2,False,695.6,0,,70.01,0.35005000000000003,85.7020425653478
AK,99,510,No,No,0,238.4,96,40.53,246.5,130,20.95,198.4,117,8.93,12.4,4,3.35,3,False,695.7,0,,73.76,0.3688,81.34490238611713
AZ,48,415,No,Yes,27,141.1,109,23.99,224.7,94,19.1,174.3,122,7.84,13.2,2,3.56,1,False,553.3,0,,54.49,0.27245,110.11194714626536
KS,57,415,No,No,0,158.1,117,26.88,115.2,149,9.79,182.4,92,8.21,11.8,7,3.19,0,False,467.5,0,,48.07,0.24035,124.8179737882255
CA,127,510,No,No,0,107.9,128,18.34,187.0,77,15.9,218.5,95,9.83,0.0,0,0.0,0,False,513.4,0,,44.07,0.22035,136.14703880190606
IN,114,408,No,No,0,203.8,85,34.65,87.8,110,7.46,166.2,122,7.48,11.7,4,3.16,1,False,469.5,0,,52.75,0.26375,113.74407582938389
CA,84,415,No,No,0,280.0,113,47.6,202.2,90,17.19,156.8,103,7.06,10.4,4,2.81,0,True,649.4,0,,74.66,0.37329999999999997,80.36431824270025
WI,114,415,No,Yes,26,137.1,88,23.31,155.7,125,13.23,247.6,94,11.14,11.5,7,3.11,2,False,551.9,0,,50.79,0.25395,118.13349084465446
AL,106,408,No,Yes,29,83.6,131,14.21,203.9,131,17.33,229.5,73,10.33,8.1,3,2.19,1,False,525.1,0,,44.06,0.22030000000000002,136.17793917385382
VT,60,415,No,No,0,193.9,118,32.96,85.0,110,7.23,210.1,134,9.45,13.2,8,3.56,3,False,502.2,0,,53.2,0.266,112.78195488721803
WV,159,415,No,No,0,169.8,114,28.87,197.7,105,16.8,193.7,82,8.72,11.6,4,3.13,1,False,572.8,0,,57.52,0.2876,104.31154381084839
CT,184,510,Yes,No,0,213.8,105,36.35,159.6,84,13.57,139.2,137,6.26,5.0,10,1.35,2,False,517.6,0,,57.53,0.28765,104.29341213280027
